title,category,address,city,website,phone,review_count,review_rating,google_maps_url
Jalis,Concepteur de sites Web,"160 Rue Albert Einstein, 13013 Marseille, France",Marseille,https://www.jalis.fr/,+33 4 91 35 70 00,1273,4.700000,https://www.google.com/maps/place/Jalis/data=!4m7!3m6!1s0x12c9c0651f3a64c1:0xed794b2295519028!8m2!3d43.3388347!4d5.4389229!16s%2Fg%2F1tf90zsb!19sChIJwWQ6H2XAyRIRKJBRlSJLee0?authuser=0&hl=fr&g_ep=EgoyMDI2MDkyMy4wIJJjKgBIAVAD&rclk=1
Linkeo,Concepteur de sites Web,"26 Rue Bellecordière, 69002 Lyon, France",Lyon,http://www.linkeo-lyon.com/,+33 9 74 56 69 69,494,4.800000,https://www.google.com/maps/place/Linkeo/data=!4m7!3m6!1s0x47f4ea513ef868a7:0x1bb038cfb6c1d5b6!8m2!3d45.75807!4d4.835437!16s%2Fg%2F11gbf8q43z!19sChIJp2j4PlHq9EcRttXBts84sBs?authuser=0&hl=fr&g_ep=EgoyMDI2MDkyMy4wIJJjKgBIAVAD&rclk=1
Horizon,Concepteur de sites Web,"12 Rue Louis Courtois de Viçose, 31100 Toulouse, France",Toulouse,https://www.hrz.fr/,+33 5 34 60 10 83,414,4.700000,https://www.google.com/maps/place/Horizon/data=!4m7!3m6!1s0x12aeba392d9e644b:0xbcd97b1781f2bda2!8m2!3d43.5697556!4d1.4196466!16s%2Fg%2F11b6dpk5w9!19sChIJS2SeLTm6rhIRor3ygRd72bw?authuser=0&hl=fr&g_ep=EgoyMDI2MDkyMy4wIJJjKgBIAVAD&rclk=1
Akisiweb,Concepteur de sites Web,"117 Rue de Charenton, 75012 Paris, France",Paris,https://www.akisiweb.com/,+33 1 84 80 99 98,399,4.900000,https://www.google.com/maps/place/Akisiweb/data=!4m7!3m6!1s0x47e6728517b374c3:0xf3bbd032203319c9!8m2!3d48.8460859!4d2.3799613!16s%2Fg%2F1tksh32w!19sChIJw3SzF4Vy5kcRyRkzIDLQu_M?authuser=0&hl=fr&g_ep=EgoyMDI2MDkyMy4wIJJjKgBIAVAD&rclk=1
Vistalid,Concepteur de sites Web,"Centre d'affaires La Valentine, 20 Trav. de la Montre Bât 2, 13011 Marseille, France",Marseille,https://vistalid.fr/agence-web/marseille,+33 4 22 54 74 40,349,5.000000,https://www.google.com/maps/place/Vistalid/data=!4m7!3m6!1s0x12c9bf9e60828cf1:0x196d73823ea1dbe4!8m2!3d43.292932!4d5.4742052!16s%2Fg%2F11yz9rht5p!19sChIJ8YyCYJ6_yRIR5NuhPoJzbRk?authuser=0&hl=fr&g_ep=EgoyMDI2MDkyMy4wIJJjKgBIAVAD&rclk=1
Gentleview,Concepteur de sites Web,"9 Rue Bugeaud, 69006 Lyon, France",Lyon,https://www.gentleview.fr/,+33 4 28 29 04 49,347,5.000000,https://www.google.com/maps/place/Gentleview/data=!4m7!3m6!1s0x47f4eaf7a7445823:0x6d36fa41b8700e7a!8m2!3d45.7659109!4d4.8423382!16s%2Fg%2F11c57y1_xk!19sChIJI1hEp_fq9EcReg5wuEH6Nm0?authuser=0&hl=fr&g_ep=EgoyMDI2MDkyMy4wIJJjKgBIAVAD&rclk=1
Pilot'in - Agence WordPress,Concepteur de sites Web,"15 Rue Cavenne, 69007 Lyon, France",Lyon,https://www.pilot-in.com/,+33 4 82 53 74 30,286,4.900000,https://www.google.com/maps/place/Pilot%27in+-+Agence+WordPress/data=!4m7!3m6!1s0x47f4eaff3069bb11:0xaae54e2cd10c4063!8m2!3d45.7537678!4d4.8395626!16s%2Fg%2F11bw5szsbx!19sChIJEbtpMP_q9EcRY0AM0SxO5ao?authuser=0&hl=fr&g_ep=EgoyMDI2MDkyMy4wIJJjKgBIAVAD&rclk=1
Webdevo,Concepteur de sites Web,"16 Pl. des Quinconces, 33000 Bordeaux, France",Bordeaux,http://webdevo.fr/,+33 6 18 77 23 43,197,5.000000,https://www.google.com/maps/place/Webdevo/data=!4m7!3m6!1s0xd5527fcfc431147:0x2758bb6943b5ab02!8m2!3d44.8461771!4d-0.5754967!16s%2Fg%2F11wr0895yd!19sChIJRxFD_PwnVQ0RAqu1Q2m7WCc?authuser=0&hl=fr&g_ep=EgoyMDI2MDkyMy4wIJJjKgBIAVAD&rclk=1
M COM,Concepteur de sites Web,"7 Imp. Maria Mauban Immeuble Le L2, HOM, 13012 Marseille, France",Marseille,https://m-com.fr/,+33 4 91 51 56 37,153,5.000000,https://www.google.com/maps/place/M+COM/data=!4m7!3m6!1s0x12c9bf8291898f65:0x81f997a061ff9948!8m2!3d43.2977837!4d5.4242377!16s%2Fg%2F11h57vch_c!19sChIJZY-JkYK_yRIRSJn_YaCX-YE?authuser=0&hl=fr&g_ep=EgoyMDI2MDkyMy4wIJJjKgBIAVAD&rclk=1
Starboost,Service de marketing Internet,"40 Rue du Colisée, 75008 Paris, France",Paris,https://www.starboost.me/,+33 7 56 86 72 96,136,5.000000,https://www.google.com/maps/place/Starboost/data=!4m7!3m6!1s0x47e671248a63ee63:0xa6cd593682db4877!8m2!3d48.8716518!4d2.3110872!16s%2Fg%2F11lcbbly8v!19sChIJY-5jiiRx5kcRd0jbgjZZzaY?authuser=0&hl=fr&g_ep=EgoyMDI2MDkyMy4wIJJjKgBIAVAD&rclk=1
Linkeo,Concepteur de sites Web,"10 Parc Club du Millénaire, 1025 Rue Henri Becquerel, 34000 Montpellier, France",Montpellier,http://www.linkeo-montpellier.com/,+33 9 74 56 34 34,132,4.600000,https://www.google.com/maps/place/Linkeo/data=!4m7!3m6!1s0x12b6a577e2ba6e33:0x9551d2e5458d2a09!8m2!3d43.6096709!4d3.9148817!16s%2Fg%2F11c2jttpth!19sChIJM2664nelthIRCSqNReXSUZU?authuser=0&hl=fr&g_ep=EgoyMDI2MDkyMy4wIJJjKgBIAVAD&rclk=1
Agence THRIVE,Concepteur de sites Web,"38 Cr de l'Intendance, 33000 Bordeaux, France",Bordeaux,https://agencethrive.fr/,+33 5 57 30 72 86,128,4.900000,https://www.google.com/maps/place/Agence+THRIVE/data=!4m7!3m6!1s0xd55288fc07679af:0xc4580420ad4a86a!8m2!3d44.8416742!4d-0.5776185!16s%2Fg%2F11hblm7l6_!19sChIJr3l2wI8oVQ0RaqjUCkKARQw?authuser=0&hl=fr&g_ep=EgoyMDI2MDkyMy4wIJJjKgBIAVAD&rclk=1
Agence Info Conception - SEO Nantes,Service de marketing Internet,"344 Rte de Clisson, 44120 Vertou, France",Vertou,https://www.infoconception.fr/,+33 2 51 47 39 90,127,4.900000,https://www.google.com/maps/place/Agence+Info+Conception+-+SEO+Nantes/data=!4m7!3m6!1s0x4805e96bc574b093:0x3b2daef4a5140948!8m2!3d47.1879501!4d-1.4958411!16s%2Fg%2F11gtyltcqt!19sChIJk7B0xWvpBUgRSAkUpfSuLTs?authuser=0&hl=fr&g_ep=EgoyMDI2MDkyMy4wIJJjKgBIAVAD&rclk=1
eMaginance,Concepteur de sites Web,"42 Rue Dabray, 06000 Nice, France",Nice,https://www.emaginance.com/,+33 7 82 90 76 35,115,5.000000,https://www.google.com/maps/place/eMaginance/data=!4m7!3m6!1s0x12cdd0048a7f24b5:0xdf8cc5aa96dd9685!8m2!3d43.7079356!4d7.2570247!16s%2Fg%2F11bbwmk_sc!19sChIJtSR_igTQzRIRhZbdlqrFjN8?authuser=0&hl=fr&g_ep=EgoyMDI2MDkyMy4wIJJjKgBIAVAD&rclk=1
Ethiko,Concepteur de sites Web,"88 Rue Judaïque, 33000 Bordeaux, France",Bordeaux,https://ethiko.org/?utm_source=google_my_business&utm_medium=organic&utm_content=bouton_site_web,+33 6 81 79 78 76,111,5.000000,https://www.google.com/maps/place/Ethiko/data=!4m7!3m6!1s0xd552748b30a3325:0x1bf96c2b1461a682!8m2!3d44.8411375!4d-0.5861411!16s%2Fg%2F11l_c5cvh6!19sChIJJTMKs0gnVQ0RgqZhFCts-Rs?authuser=0&hl=fr&g_ep=EgoyMDI2MDkyMy4wIJJjKgBIAVAD&rclk=1
ImagesCréations,Concepteur de sites Web,"67 Rue Nicolas Appert, 44100 Nantes, France",Nantes,https://www.imagescreations.fr/,+33 2 40 50 77 66,111,4.900000,https://www.google.com/maps/place/ImagesCr%C3%A9ations/data=!4m7!3m6!1s0x4805f038430c7cfd:0xe8c128465a61070c!8m2!3d47.214333!4d-1.5842392!16s%2Fg%2F1tgf74wb!19sChIJ_XwMQzjwBUgRDAdhWkYoweg?authuser=0&hl=fr&g_ep=EgoyMDI2MDkyMy4wIJJjKgBIAVAD&rclk=1
Keole & Gazoline,Concepteur de sites Web,"86 Rue Pierre et Marie Curie, 34430 Saint-Jean-de-Védas, France",Saint-Jean-de-Védas,https://www.studiokg.fr/,+33 7 44 99 52 52,105,5.000000,https://www.google.com/maps/place/Keole+%26+Gazoline/data=!4m7!3m6!1s0x12b6ac280cbaf497:0x3f7e4335aed8f9c5!8m2!3d43.5816891!4d3.8448737!16s%2Fg%2F1hm266cfm!19sChIJl_S6DCisthIRxfnYrjVDfj8?authuser=0&hl=fr&g_ep=EgoyMDI2MDkyMy4wIJJjKgBIAVAD&rclk=1
Aixpressweb - Création de site internet Marseille,Concepteur de sites Web,"128 Bd de la Libération, 13004 Marseille, France",Marseille,https://aixpressweb.com/,+33 7 66 34 05 85,103,5.000000,https://www.google.com/maps/place/Aixpressweb+-+Cr%C3%A9ation+de+site+internet+Marseille/data=!4m7!3m6!1s0x2c8c78973c033237:0x7b6d1167870e630d!8m2!3d43.3013195!4d5.3924794!16s%2Fg%2F11sycvp46q!19sChIJNzIDPJd4jCwRDWMOh2cRbXs?authuser=0&hl=fr&g_ep=EgoyMDI2MDkyMy4wIJJjKgBIAVAD&rclk=1
4Beez,Concepteur de sites Web,"24 Rue de Clichy, 75009 Paris, France",Paris,https://4beez.agency/,+33 1 76 54 30 97,99,4.900000,https://www.google.com/maps/place/4Beez/data=!4m7!3m6!1s0x47e66e49841aaaab:0xf642e1f6106c67c1!8m2!3d48.8788873!4d2.3298364!16s%2Fg%2F11hcfnbn83!19sChIJq6oahElu5kcRwWdsEPbhQvY?authuser=0&hl=fr&g_ep=EgoyMDI2MDkyMy4wIJJjKgBIAVAD&rclk=1
Referencemoi - Agence Web Lille - Agence SEO Lillle - Ads - Intervenant Digital,Service de marketing Internet,"2 Rue Voltaire, 59800 Lille, France",Lille,https://referencemoi.com/,+33 3 20 73 67 17,98,4.700000,https://www.google.com/maps/place/Referencemoi+-+Agence+Web+Lille+-+Agence+SEO+Lillle+-+Ads+-+Intervenant+Digital/data=!4m7!3m6!1s0x47c2d5c869b45421:0xe76d15595f22a11!8m2!3d50.643925!4d3.0581855!16s%2Fg%2F1q5glks06!19sChIJIVS0acjVwkcRESrylVXRdg4?authuser=0&hl=fr&g_ep=EgoyMDI2MDkyMy4wIJJjKgBIAVAD&rclk=1
JALIS Toulouse,Concepteur de sites Web,"248 Rte de Bayonne, 31300 Toulouse, France",Toulouse,https://toulouse.jalis.fr/,+33 5 40 25 27 61,96,4.800000,https://www.google.com/maps/place/JALIS+Toulouse/data=!4m7!3m6!1s0x12aebb965fde0c4d:0x282e0b7c0010acb6!8m2!3d43.6092539!4d1.3745353!16s%2Fg%2F11h6rn8fjk!19sChIJTQzeX5a7rhIRtqwQAHwLLig?authuser=0&hl=fr&g_ep=EgoyMDI2MDkyMy4wIJJjKgBIAVAD&rclk=1
NRV,Service de marketing Internet,"47 Rte d'Agde, 31500 Toulouse, France",Toulouse,http://agencenrv.com/?utm_source=gmb,+33 5 82 95 98 11,89,5.000000,https://www.google.com/maps/place/NRV/data=!4m7!3m6!1s0x12aeba55fe6d6a55:0x2365d83a48948e67!8m2!3d43.624207!4d1.4740905!16s%2Fg%2F11bx0jkt_z!19sChIJVWpt_lW6rhIRZ46USDrYZSM?authuser=0&hl=fr&g_ep=EgoyMDI2MDkyMy4wIJJjKgBIAVAD&rclk=1
Weby Lab,Concepteur de sites Web,"59 Rue Bossuet, 69006 Lyon, France",Lyon,http://webylab.fr/,+33 9 82 43 29 01,89,4.800000,https://www.google.com/maps/place/Weby+Lab/data=!4m7!3m6!1s0x47f4c1ad0d7ffbad:0x1f7b0d4ee011e102!8m2!3d45.7681148!4d4.852053!16s%2Fg%2F11h0bq1rmf!19sChIJrft_Da3B9EcRAuER4E4Nex8?authuser=0&hl=fr&g_ep=EgoyMDI2MDkyMy4wIJJjKgBIAVAD&rclk=1
Evolyon,Concepteur de sites Web,"53 Rue Etienne Richerand, 69003 Lyon, France",Lyon,https://www.evolyon.fr/,+33 4 37 57 38 97,88,5.000000,https://www.google.com/maps/place/Evolyon/data=!4m7!3m6!1s0x47f4ea667b3d128f:0x65961891fa03e80a!8m2!3d45.7595141!4d4.8662442!16s%2Fg%2F11c38g6mn0!19sChIJjxI9e2bq9EcRCugD-pEYlmU?authuser=0&hl=fr&g_ep=EgoyMDI2MDkyMy4wIJJjKgBIAVAD&rclk=1
Rankit - Agence SEO Lyon,Service de marketing Internet,"Pl. des Terreaux, 69001 Lyon, France",Lyon,https://rankit-agence-seo-lyon.fr/,+33 7 63 44 46 07,86,4.900000,https://www.google.com/maps/place/Rankit+-+Agence+SEO+Lyon/data=!4m7!3m6!1s0x86ea6059b608c089:0x31a702e99db7400d!8m2!3d45.7672483!4d4.8332896!16s%2Fg%2F11wxlm6jmv!19sChIJicAItllg6oYRDUC3nekCpzE?authuser=0&hl=fr&g_ep=EgoyMDI2MDkyMy4wIJJjKgBIAVAD&rclk=1
Webmaster freelance Paris - DIGIWEBLINE,Concepteur de sites Web,"13 Rue Jamin, 93210 Saint-Denis, France",Saint-Denis,https://www.monsitewebperso.fr/,+33 6 68 02 83 99,86,4.900000,https://www.google.com/maps/place/Webmaster+freelance+Paris+-+DIGIWEBLINE/data=!4m7!3m6!1s0x47e66ef37715d201:0x1fb816c5c20cc311!8m2!3d48.9072487!4d2.3595369!16s%2Fg%2F12cn_8x8j!19sChIJAdIVd_Nu5kcREcMMwsUWuB8?authuser=0&hl=fr&g_ep=EgoyMDI2MDkyMy4wIJJjKgBIAVAD&rclk=1
Cédric Chevillard,Concepteur de sites Web,"63 Rue de Cartale, 38170 Seyssinet-Pariset, France",Seyssinet-Pariset,https://cedricchevillard.fr/,+33 6 29 53 65 63,85,5.000000,https://www.google.com/maps/place/C%C3%A9dric+Chevillard/data=!4m7!3m6!1s0x478af3ae34a015eb:0x5ce7a48638633bb6!8m2!3d45.1688036!4d5.6864307!16s%2Fg%2F11nm9lp6dk!19sChIJ6xWgNK7zikcRtjtjOIak51w?authuser=0&hl=fr&g_ep=EgoyMDI2MDkyMy4wIJJjKgBIAVAD&rclk=1
Promoovoir | Agence SEO & GEO Paris,Service de marketing Internet,,Paris,http://www.promoovoir.com/,,83,5.000000,https://www.google.com/maps/place/Promoovoir+%7C+Agence+SEO+%26+GEO+Paris/data=!4m7!3m6!1s0x47e6648575eda1bf:0x55dc99ad680048d2!8m2!3d48.6807824!4d2.5026636!16s%2Fg%2F11fy4ks9sf!19sChIJv6HtdYVk5kcR0kgAaK2Z3FU?authuser=0&hl=fr&g_ep=EgoyMDI2MDkyMy4wIJJjKgBIAVAD&rclk=1
Simplement,Concepteur de sites Web,"2 Rue Henri Barbusse, 13001 Marseille, France",Marseille,https://simplement.me/,+33 7 61 94 15 67,83,5.000000,https://www.google.com/maps/place/Simplement/data=!4m7!3m6!1s0x12c9c0bfbde5e84d:0xf63ba29752090282!8m2!3d43.2983937!4d5.3743841!16s%2Fg%2F11h31z6h_5!19sChIJTejlvb_AyRIRggIJUpeiO_Y?authuser=0&hl=fr&g_ep=EgoyMDI2MDkyMy4wIJJjKgBIAVAD&rclk=1
Yohann Deprez,Concepteur de sites Web,"3 Rue Dugas-Montbel, 69002 Lyon, France",Lyon,https://yohanndeprez.fr/devis-gratuit/?utm_source=google&utm_medium=organic&utm_campaign=google_business_profile,+33 6 70 49 48 14,81,5.000000,https://www.google.com/maps/place/Yohann+Deprez/data=!4m7!3m6!1s0x47f4eba0b632f7a5:0xaf4e8e4ef37a8ac8!8m2!3d45.7492208!4d4.8221902!16s%2Fg%2F11r3wf74m4!19sChIJpfcytqDr9EcRyIp6806OTq8?authuser=0&hl=fr&g_ep=EgoyMDI2MDkyMy4wIJJjKgBIAVAD&rclk=1
Webaix,Concepteur de sites Web,"4 Rue Vincent Leblanc, 13002 Marseille, France",Marseille,http://www.webaix.fr/,,78,5.000000,https://www.google.com/maps/place/Webaix/data=!4m7!3m6!1s0x12c98d1b8bbcb7bb:0x5761bc17d9138292!8m2!3d43.3032165!4d5.3694004!16s%2Fg%2F11c72rl1hp!19sChIJu7e8ixuNyRIRkoIT2Re8YVc?authuser=0&hl=fr&g_ep=EgoyMDI2MDkyMy4wIJJjKgBIAVAD&rclk=1
Ideclap,Concepteur de sites Web,"20 Rue Capdeville, 33000 Bordeaux, France",Bordeaux,https://ideclap.fr/,+33 7 60 58 59 40,76,5.000000,https://www.google.com/maps/place/Ideclap/data=!4m7!3m6!1s0xd5527711b450a45:0xf5df44bcd3558be7!8m2!3d44.8436996!4d-0.5872412!16s%2Fg%2F11fjxdx6w3!19sChIJRQpFG3EnVQ0R54tV07xE3_U?authuser=0&hl=fr&g_ep=EgoyMDI2MDkyMy4wIJJjKgBIAVAD&rclk=1
Agence Web Paris | 6LAB,Concepteur de sites Web,"16 Rue de l'Arcade, 75008 Paris, France",Paris,https://www.agence-web-paris.com/,+33 1 53 05 56 11,76,4.900000,https://www.google.com/maps/place/Agence+Web+Paris+%7C+6LAB/data=!4m7!3m6!1s0x47e66e1873bf5c33:0x2d766579810b4fe3!8m2!3d48.8717923!4d2.3237511!16s%2Fg%2F1vfp2yr0!19sChIJM1y_cxhu5kcR408LgXlldi0?authuser=0&hl=fr&g_ep=EgoyMDI2MDkyMy4wIJJjKgBIAVAD&rclk=1
Côte web,Concepteur de sites Web,"97 Av. du Dom. du Piol, 06000 Nice, France",Nice,https://www.coteweb.fr/,+33 4 93 44 98 56,75,5.000000,https://www.google.com/maps/place/C%C3%B4te+web/data=!4m7!3m6!1s0x12cc2b0a4ae95335:0x79102b5e54cad72!8m2!3d43.708914!4d7.2489287!16s%2Fg%2F1tfysfdk!19sChIJNVPpSgorzBIRcq1M5bUCkQc?authuser=0&hl=fr&g_ep=EgoyMDI2MDkyMy4wIJJjKgBIAVAD&rclk=1
Dailyweb,Concepteur de sites Web,"46 Rue André Vasseur, 31200 Toulouse, France",Toulouse,https://www.dailyweb.fr/,+33 5 31 47 96 11,75,5.000000,https://www.google.com/maps/place/Dailyweb/data=!4m7!3m6!1s0x12aea30e64d02877:0x37a52c4db852632a!8m2!3d43.6364599!4d1.4743332!16s%2Fg%2F11jgd7y_ds!19sChIJdyjQZA6jrhIRKmNSuE0spTc?authuser=0&hl=fr&g_ep=EgoyMDI2MDkyMy4wIJJjKgBIAVAD&rclk=1
Amari Agency (Marseille),Concepteur de sites Web,"Chem. de la Carraire, 13015 Marseille, France",Marseille,https://amari-agency.fr/,+33 6 51 30 86 56,71,5.000000,https://www.google.com/maps/place/Amari+Agency+%28Marseille%29/data=!4m7!3m6!1s0x12c9ebb52400aa37:0x5272e19cd399500e!8m2!3d43.3837178!4d5.3724478!16s%2Fg%2F11vpt_znbr!19sChIJN6oAJLXryRIRDlCZ05zhclI?authuser=0&hl=fr&g_ep=EgoyMDI2MDkyMy4wIJJjKgBIAVAD&rclk=1
PumpUp,Service de marketing Internet,"Le Village by CA, 5 Pl. Nelson Mandela, 38000 Grenoble, France",Grenoble,https://www.pumpup.fr/agence-digitale-grenoble/,+33 4 82 29 54 41,71,4.900000,https://www.google.com/maps/place/PumpUp/data=!4m7!3m6!1s0x478af37b96aececd:0xb60beedac91ecf0c!8m2!3d45.197877!4d5.709096!16s%2Fg%2F11b8_4dlrl!19sChIJzc6ulnvzikcRDM8eydruC7Y?authuser=0&hl=fr&g_ep=EgoyMDI2MDkyMy4wIJJjKgBIAVAD&rclk=1
MyWebsite,Concepteur de sites Web,"6 Rue Quentin Bauchart, 75008 Paris, France",Paris,https://www.my-website.pro/,+33 7 56 90 26 36,70,5.000000,https://www.google.com/maps/place/MyWebsite/data=!4m7!3m6!1s0x345486fe21dd5f9:0x26129accb74054c6!8m2!3d48.868896!4d2.2997427!16s%2Fg%2F11zgzghchf!19sChIJ-dUd4m9IRQMRxlRAt8yaEiY?authuser=0&hl=fr&g_ep=EgoyMDI2MDkyMy4wIJJjKgBIAVAD&rclk=1
POULPEMEDIA,Concepteur de sites Web,"96 Rue Solle, 33200 Bordeaux, France",Bordeaux,https://poulpemedia.fr/,+33 7 62 01 54 84,70,5.000000,https://www.google.com/maps/place/POULPEMEDIA/data=!4m7!3m6!1s0xd54d9f4bd00b7e5:0x300f80ec464a3a8!8m2!3d44.8366142!4d-0.6038765!16s%2Fg%2F11hfy48scv!19sChIJ5bcAvfTZVA0RqKNkxA74AAM?authuser=0&hl=fr&g_ep=EgoyMDI2MDkyMy4wIJJjKgBIAVAD&rclk=1
Webiaprod,Service de marketing Internet,"5 Rue Condorcet, 38000 Grenoble, France",Grenoble,https://www.webiaprod.fr/,+33 4 80 80 93 30,69,4.900000,https://www.google.com/maps/place/Webiaprod/data=!4m7!3m6!1s0x478af4ecc6aa93a3:0xe4b7c73b8802a276!8m2!3d45.1854039!4d5.7213545!16s%2Fg%2F12mkqy6s4!19sChIJo5Oqxuz0ikcRdqICiDvHt-Q?authuser=0&hl=fr&g_ep=EgoyMDI2MDkyMy4wIJJjKgBIAVAD&rclk=1
Agence digitale Adeliom,Concepteur de sites Web,"3 Pl. de Haguenau, 67000 Strasbourg, France",Strasbourg,https://adeliom.com/agence-digitale-strasbourg/?utm_source=google&utm_medium=organic&utm_campaign=gmb-strasbourg,+33 3 67 10 08 49,67,4.700000,https://www.google.com/maps/place/Agence+digitale+Adeliom/data=!4m7!3m6!1s0x4796c7cc0c4d8803:0x7f8dfd343c073c63!8m2!3d48.5912409!4d7.7414466!16s%2Fg%2F1tjdf3t5!19sChIJA4hNDMzHlkcRYzwHPDT9jX8?authuser=0&hl=fr&g_ep=EgoyMDI2MDkyMy4wIJJjKgBIAVAD&rclk=1
KWALT DIGITAL,Concepteur de sites Web,"15 Rue Saint-Hilaire, 31000 Toulouse, France",Toulouse,https://kwalt-digital.com/agence-web-toulouse/,+33 6 11 32 23 05,66,5.000000,https://www.google.com/maps/place/KWALT+DIGITAL/data=!4m7!3m6!1s0x12aebb5f4843c0e1:0xe5e1d00530830123!8m2!3d43.613411!4d1.44255!16s%2Fg%2F11b7wc5kw9!19sChIJ4cBDSF-7rhIRIwGDMAXQ4eU?authuser=0&hl=fr&g_ep=EgoyMDI2MDkyMy4wIJJjKgBIAVAD&rclk=1
Media Mars,Concepteur de sites Web,"54 Av. des Colonnes, 13008 Marseille, France",Marseille,https://mediamars.fr/,,66,5.000000,https://www.google.com/maps/place/Media+Mars/data=!4m7!3m6!1s0x12c9c74ca792381b:0x4cc98fbcefefd206!8m2!3d43.2625162!4d5.3910394!16s%2Fg%2F11c3_531vd!19sChIJGziSp0zHyRIRBtLv77yPyUw?authuser=0&hl=fr&g_ep=EgoyMDI2MDkyMy4wIJJjKgBIAVAD&rclk=1
Uniflow,Concepteur de sites Web,"79 Bd Lazare Carnot, 31000 Toulouse, France",Toulouse,https://uniflow.agency/,+33 1 59 06 37 10,66,5.000000,https://www.google.com/maps/place/Uniflow/data=!4m7!3m6!1s0x12aebdbefb437371:0xa357aaacbed56e84!8m2!3d43.6052057!4d1.4488995!16s%2Fg%2F11v0x7jb_h!19sChIJcXND-769rhIRhG7VvqyqV6M?authuser=0&hl=fr&g_ep=EgoyMDI2MDkyMy4wIJJjKgBIAVAD&rclk=1
Kaizen Agency,Service de marketing Internet,"9 Rue André Darbon, 33300 Bordeaux, France",Bordeaux,https://www.kaizen-agency.fr/,+33 5 56 24 96 20,66,4.900000,https://www.google.com/maps/place/Kaizen+Agency/data=!4m7!3m6!1s0xd55287c0b9ece2f:0x67d732cbf568f635!8m2!3d44.8548802!4d-0.5677855!16s%2Fg%2F1tfgl42l!19sChIJL86eC3woVQ0RNfZo9csy12c?authuser=0&hl=fr&g_ep=EgoyMDI2MDkyMy4wIJJjKgBIAVAD&rclk=1
LACKY,Concepteur de sites Web,"67 Mnt de Saint-Menet, 13011 Marseille, France",Marseille,https://www.lacky.fr/,+33 4 91 91 47 05,66,4.900000,https://www.google.com/maps/place/LACKY/data=!4m7!3m6!1s0x12c9bf3f3345ef89:0xc97ae58d6ca34b94!8m2!3d43.2924347!4d5.4952993!16s%2Fg%2F11j4f1j7yq!19sChIJie9FMz-_yRIRlEujbI3lesk?authuser=0&hl=fr&g_ep=EgoyMDI2MDkyMy4wIJJjKgBIAVAD&rclk=1
Naratys - ex 69pixl,Concepteur de sites Web,"6 Cr Lafayette, 69003 Lyon, France",Lyon,https://www.naratys.com/?utm_source=google&utm_medium=organic&utm_campaign=gmb,,65,4.800000,https://www.google.com/maps/place/Naratys+-+ex+69pixl/data=!4m7!3m6!1s0x47f4eaf90cc26bfb:0xe38bdde119cc8b37!8m2!3d45.763447!4d4.842417!16s%2Fg%2F11bw2k2f_f!19sChIJ-2vCDPnq9EcRN4vMGeHdi-M?authuser=0&hl=fr&g_ep=EgoyMDI2MDkyMy4wIJJjKgBIAVAD&rclk=1
NOIISE - Agence SEO Paris,Service de marketing Internet,"6 Rue Debelleyme, 75003 Paris, France",Paris,https://www.noiise.com/seo/?utm_source=google&utm_medium=google-business-profile&utm_campaign=fiche-paris,+33 1 86 95 21 58,65,4.300000,https://www.google.com/maps/place/NOIISE+-+Agence+SEO+Paris/data=!4m7!3m6!1s0x47e66e3b6306226f:0x4633d17ed8a852e4!8m2!3d48.8605785!4d2.3640517!16s%2Fg%2F1pv5xmhjx!19sChIJbyIGYztu5kcR5FKo2H7RM0Y?authuser=0&hl=fr&g_ep=EgoyMDI2MDkyMy4wIJJjKgBIAVAD&rclk=1
Création site internet Paris - SaberWeb,Concepteur de sites Web,"78 Av. des Champs-Élysées, 75008 Paris, France",Paris,https://saberweb.ovh/,+33 7 56 90 11 54,63,5.000000,https://www.google.com/maps/place/Cr%C3%A9ation+site+internet+Paris+-+SaberWeb/data=!4m7!3m6!1s0x47e671880941e239:0x5f8010d80e2d27fa!8m2!3d48.8716253!4d2.3044092!16s%2Fg%2F11vf4986n5!19sChIJOeJBCYhx5kcR-ictDtgQgF8?authuser=0&hl=fr&g_ep=EgoyMDI2MDkyMy4wIJJjKgBIAVAD&rclk=1
techrappy,Concepteur de sites Web,,,https://techrappy.com/,+33 7 56 85 97 14,63,5.000000,https://www.google.com/maps/place/techrappy/data=!4m7!3m6!1s0x22778ff8fcb2739:0xe2d4e8542e1c8dd3!8m2!3d30.886403!4d-49.4022062!16s%2Fg%2F11kptst9m9!19sChIJOSfLj_94JwIR040cLlTo1OI?authuser=0&hl=fr&g_ep=EgoyMDI2MDkyMy4wIJJjKgBIAVAD&rclk=1
Webskiller,Concepteur de sites Web,"18 Rue Gabriel Goudy, 44200 Nantes, France",Nantes,http://www.webskiller.fr/,+33 6 16 49 45 57,63,5.000000,https://www.google.com/maps/place/Webskiller/data=!4m7!3m6!1s0x4805e9481c38eb33:0x81e8a680c4b94b16!8m2!3d47.1942798!4d-1.5397999!16s%2Fg%2F11f6nqzlfs!19sChIJM-s4HEjpBUgRFku5xICm6IE?authuser=0&hl=fr&g_ep=EgoyMDI2MDkyMy4wIJJjKgBIAVAD&rclk=1
Agence digitale 3SC,Concepteur de sites Web,"18 Rue Jacques Reattu, 13009 Marseille, France",Marseille,https://www.3scglobalservices.com/?utm_source=gbp&utm_medium=organic&utm_campaign=google-business-profile&utm_content=website_button,+33 4 91 73 31 27,63,4.900000,https://www.google.com/maps/place/Agence+digitale+3SC/data=!4m7!3m6!1s0x12c9b87e1982d41d:0x7322a9f469aef73d!8m2!3d43.239294!4d5.3986958!16s%2Fg%2F1tm9dcd6!19sChIJHdSCGX64yRIRPfeuafSpInM?authuser=0&hl=fr&g_ep=EgoyMDI2MDkyMy4wIJJjKgBIAVAD&rclk=1
Adveris,Concepteur de sites Web,"16 Rue du Faubourg Montmartre, 75009 Paris, France",Paris,https://www.adveris.fr/,+33 1 83 62 85 80,63,4.200000,https://www.google.com/maps/place/Adveris/data=!4m7!3m6!1s0x47e66fc636baaccf:0xdae9d72f5f91e111!8m2!3d48.8728284!4d2.3433977!16s%2Fg%2F1tdn7zzm!19sChIJz6y6NsZv5kcREeGRXy_X6do?authuser=0&hl=fr&g_ep=EgoyMDI2MDkyMy4wIJJjKgBIAVAD&rclk=1
OFA Web - Paris,Concepteur de sites Web,"5 Sq. Got, 75020 Paris, France",Paris,https://ofaweb.fr/,+33 9 70 70 79 39,62,5.000000,https://www.google.com/maps/place/OFA+Web+-+Paris/data=!4m7!3m6!1s0x650fb12a1d7ae26d:0x84d800d11aa0a239!8m2!3d48.8485539!4d2.4054212!16s%2Fg%2F11s2yhn1_m!19sChIJbeJ6HSqxD2UROaKgGtEA2IQ?authuser=0&hl=fr&g_ep=EgoyMDI2MDkyMy4wIJJjKgBIAVAD&rclk=1
AE2 agence web,Concepteur de sites Web,"2 All. des Vieux Tilleuls, 44300 Nantes, France",Nantes,https://www.ae2agence.com/,+33 9 52 55 84 03,61,5.000000,https://www.google.com/maps/place/AE2+agence+web/data=!4m7!3m6!1s0x4805efafd44df2bb:0xae0e9bbfcfa16412!8m2!3d47.2485974!4d-1.4940414!16s%2Fg%2F11css676j3!19sChIJu_JN1K_vBUgREmShz7-bDq4?authuser=0&hl=fr&g_ep=EgoyMDI2MDkyMy4wIJJjKgBIAVAD&rclk=1
joliPixel,Concepteur de sites Web,"43 Quai de Malakoff, 44000 Nantes, France",Nantes,https://www.jolipixel.fr/,+33 2 59 66 02 60,60,4.900000,https://www.google.com/maps/place/joliPixel/data=!4m7!3m6!1s0x48056f81b3e9dc9d:0xcd8866668f02c5f1!8m2!3d47.2147032!4d-1.5411335!16s%2Fg%2F11hz0k411y!19sChIJndzps4FvBUgR8cUCj2ZmiM0?authuser=0&hl=fr&g_ep=EgoyMDI2MDkyMy4wIJJjKgBIAVAD&rclk=1
Youlead Montpellier,Concepteur de sites Web,"101 Rue du Professeur Antonin Balmes, 34070 Montpellier, France",Montpellier,https://www.youlead.fr/agence-web-a-montpellier/,+33 6 69 49 17 62,60,4.600000,https://www.google.com/maps/place/Youlead+Montpellier/data=!4m7!3m6!1s0x12b6af30fa0e5029:0xdaf6c451092f29e8!8m2!3d43.5797334!4d3.8752316!16s%2Fg%2F11s8c1q3r8!19sChIJKVAO-jCvthIR6CkvCVHE9to?authuser=0&hl=fr&g_ep=EgoyMDI2MDkyMy4wIJJjKgBIAVAD&rclk=1
Création de site internet à Paris - ELM Digital Agency,Concepteur de sites Web,"110 rue Léon-Maurice Nordmann 1 rue Hector Malot 75012, 75013 Paris, France",Paris,https://elmdigitalagency.fr/,+33 6 21 80 67 69,59,5.000000,https://www.google.com/maps/place/Cr%C3%A9ation+de+site+internet+%C3%A0+Paris+-+ELM+Digital+Agency/data=!4m7!3m6!1s0x6f33f57c69ae451:0x34653c981a4c012c!8m2!3d48.8344328!4d2.3452602!16s%2Fg%2F11y73s4qd6!19sChIJUeSaxlc_8wYRLAFMGpg8ZTQ?authuser=0&hl=fr&g_ep=EgoyMDI2MDkyMy4wIJJjKgBIAVAD&rclk=1
Agence web Fair,Concepteur de sites Web,"19 Rue Dobree, 44100 Nantes, France",Nantes,https://www.fair-agenceweb.fr/,+33 2 85 52 84 04,59,4.900000,https://www.google.com/maps/place/Agence+web+Fair/data=!4m7!3m6!1s0x4805ec05b74ef349:0xc910114106cb9e82!8m2!3d47.2100649!4d-1.5701545!16s%2Fg%2F124yhx7l0!19sChIJSfNOtwXsBUgRgp7LBkEREMk?authuser=0&hl=fr&g_ep=EgoyMDI2MDkyMy4wIJJjKgBIAVAD&rclk=1
Agoralys,Concepteur de sites Web,"32 All. Jean Jaurès, 31000 Toulouse, France",Toulouse,https://www.agoralys.com/?utm_source=GMBlisting&utm_medium=organic&utm_campaign=gmb_site,+33 5 61 50 54 04,59,4.900000,https://www.google.com/maps/place/Agoralys/data=!4m7!3m6!1s0x12aebc981da10243:0x923a56b43829ffb4!8m2!3d43.60628!4d1.450083!16s%2Fg%2F11bbrkbrdb!19sChIJQwKhHZi8rhIRtP8pOLRWOpI?authuser=0&hl=fr&g_ep=EgoyMDI2MDkyMy4wIJJjKgBIAVAD&rclk=1
LINX,Concepteur de sites Web,"Le Riviera Plage A, 272 Av. de la Californie, 06200 Nice, France",Nice,https://agencelinx.fr/,+33 4 89 92 22 75,58,5.000000,https://www.google.com/maps/place/LINX/data=!4m7!3m6!1s0x12cdd122afcf01e7:0xfd8cdcc46c18fa98!8m2!3d43.6774226!4d7.2281865!16s%2Fg%2F11h1lshymh!19sChIJ5wHPryLRzRIRmPoYbMTcjP0?authuser=0&hl=fr&g_ep=EgoyMDI2MDkyMy4wIJJjKgBIAVAD&rclk=1
Web Tribe Studio,Concepteur de sites Web,"30 Pl. Pey Berland, 33000 Bordeaux, France",Bordeaux,https://webtribe-studio.com/,+33 7 72 38 27 81,58,5.000000,https://www.google.com/maps/place/Web+Tribe+Studio/data=!4m7!3m6!1s0xd5527e79ba998f3:0xee0ca9c690de3c8a!8m2!3d44.8371629!4d-0.5770085!16s%2Fg%2F11bbt69c7j!19sChIJ85ipm-cnVQ0RijzekMapDO4?authuser=0&hl=fr&g_ep=EgoyMDI2MDkyMy4wIJJjKgBIAVAD&rclk=1
Verywell Digital,Concepteur de sites Web,"35 All. des Demoiselles, 31400 Toulouse, France",Toulouse,https://www.agenceverywell.fr/,+33 5 47 74 75 09,58,4.400000,https://www.google.com/maps/place/Verywell+Digital/data=!4m7!3m6!1s0x12aebd05c678c251:0xc7cb5c3f37fdf3e9!8m2!3d43.5896398!4d1.4561824!16s%2Fg%2F11splpdtrn!19sChIJUcJ4xgW9rhIR6fP9Nz9cy8c?authuser=0&hl=fr&g_ep=EgoyMDI2MDkyMy4wIJJjKgBIAVAD&rclk=1
Agence Web Montpellier France Logo Création de site web pour professionnels,Concepteur de sites Web,"4 Rue Ramel, 34000 Montpellier, France",Montpellier,http://france-logo.fr/,+33 6 18 12 09 67,57,5.000000,https://www.google.com/maps/place/Agence+Web+Montpellier+France+Logo+Cr%C3%A9ation+de+site+web+pour+professionnels/data=!4m7!3m6!1s0x47f76bf74598187d:0x14f1fe8fbb7482fb!8m2!3d43.6011411!4d3.8732856!16s%2Fg%2F11qpzcxzg9!19sChIJfRiYRfdr90cR-4J0u4_-8RQ?authuser=0&hl=fr&g_ep=EgoyMDI2MDkyMy4wIJJjKgBIAVAD&rclk=1
Offensive Agence Web,Concepteur de sites Web,"10 Rue Charles Puyo, 33300 Bordeaux, France",Bordeaux,https://offensive.digital/,+33 5 33 48 22 29,57,4.700000,https://www.google.com/maps/place/Offensive+Agence+Web/data=!4m7!3m6!1s0xd54d7c78ae74d2d:0xb3ce8b78b2dd4631!8m2!3d44.86082!4d-0.5691617!16s%2Fg%2F1tdl2wvg!19sChIJLU3nisfXVA0RMUbdsniLzrM?authuser=0&hl=fr&g_ep=EgoyMDI2MDkyMy4wIJJjKgBIAVAD&rclk=1
Web Studio,Concepteur de sites Web,"9 Rue Boileau, 44000 Nantes, France",Nantes,https://web-studio.fr/,+33 6 81 36 74 04,56,5.000000,https://www.google.com/maps/place/Web+Studio/data=!4m7!3m6!1s0x4805edb8bac39c6f:0x3b1e3a8037b29454!8m2!3d47.2150741!4d-1.5608226!16s%2Fg%2F11vy2ch0d6!19sChIJb5zDurjtBUgRVJSyN4A6Hjs?authuser=0&hl=fr&g_ep=EgoyMDI2MDkyMy4wIJJjKgBIAVAD&rclk=1
Beyonds,Concepteur de sites Web,"59 Rue Beaubourg, 75003 Paris, France",Paris,https://www.beyonds.fr/,+33 1 88 33 97 16,56,4.900000,https://www.google.com/maps/place/Beyonds/data=!4m7!3m6!1s0x47e66f8dc7ae6483:0xe366d0c2cef4e9dc!8m2!3d48.8628924!4d2.3541674!16s%2Fg%2F11g4dlxw8h!19sChIJg2Sux41v5kcR3On0zsLQZuM?authuser=0&hl=fr&g_ep=EgoyMDI2MDkyMy4wIJJjKgBIAVAD&rclk=1
Agence Tiz,Service de marketing Internet,"104 Rue de Hochfelden, 67200 Strasbourg, France",Strasbourg,https://www.tiz.fr/?utm_source=gmb,+33 3 67 10 18 50,55,4.900000,https://www.google.com/maps/place/Agence+Tiz/data=!4m7!3m6!1s0x4796b80e5fa937c9:0x67d34c504c8f9bb3!8m2!3d48.6025557!4d7.7224672!16s%2Fg%2F1ttpfv74!19sChIJyTepXw64lkcRs5uPTFBM02c?authuser=0&hl=fr&g_ep=EgoyMDI2MDkyMy4wIJJjKgBIAVAD&rclk=1
RG Design,Concepteur de sites Web,"159 Rue Paradis, 13006 Marseille, France",Marseille,https://www.rgdesign.fr/,+33 9 51 48 08 00,55,4.700000,https://www.google.com/maps/place/RG+Design/data=!4m7!3m6!1s0x12c9c0b9d47e7a2f:0x19dba43e7d285327!8m2!3d43.2869349!4d5.3796814!16s%2Fg%2F1thvd3lm!19sChIJL3p-1LnAyRIRJ1MofT6k2xk?authuser=0&hl=fr&g_ep=EgoyMDI2MDkyMy4wIJJjKgBIAVAD&rclk=1
Uplix,Service de marketing Internet,"11 bis Rue Portalis, 75008 Paris, France",Paris,https://www.uplix.fr/agence-seo/,+33 1 75 43 82 82,54,5.000000,https://www.google.com/maps/place/Uplix/data=!4m7!3m6!1s0x47e66f3df804c567:0xce9787c50b7679ea!8m2!3d48.8777168!4d2.3195041!16s%2Fg%2F11sms03330!19sChIJZ8UE-D1v5kcR6nl2C8WHl84?authuser=0&hl=fr&g_ep=EgoyMDI2MDkyMy4wIJJjKgBIAVAD&rclk=1
Youdemus - Agence web Paris,Concepteur de sites Web,"15 Rue des Halles, 75001 Paris, France",Paris,https://www.youdemus.fr/?utm_source=google&utm_medium=gmb&utm_campaign=gmb_paris,+33 1 84 17 26 34,54,5.000000,https://www.google.com/maps/place/Youdemus+-+Agence+web+Paris/data=!4m7!3m6!1s0x47e66e5ac3d60c27:0xec649043dcd69567!8m2!3d48.8601826!4d2.3461149!16s%2Fg%2F1q6kk0z5w!19sChIJJwzWw1pu5kcRZ5XW3EOQZOw?authuser=0&hl=fr&g_ep=EgoyMDI2MDkyMy4wIJJjKgBIAVAD&rclk=1
WeBird,Service de marketing Internet,"13 Rue Crucy, 44000 Nantes, France",Nantes,https://www.webird.fr/?utm_source=Gmb&utm_medium=google&utm_campaign=gmb,+33 6 13 14 35 42,53,5.000000,https://www.google.com/maps/place/WeBird/data=!4m7!3m6!1s0x4805ef4209490b1b:0x8630c3eb84bf8ada!8m2!3d47.2139074!4d-1.5479075!16s%2Fg%2F11pzbq27x4!19sChIJGwtJCULvBUgR2oq_hOvDMIY?authuser=0&hl=fr&g_ep=EgoyMDI2MDkyMy4wIJJjKgBIAVAD&rclk=1
Agence Kalya,Concepteur de sites Web,"33 Quai Arloing, 69009 Lyon, France",Lyon,https://agence-kalya.fr/,+33 6 12 05 01 66,53,4.900000,https://www.google.com/maps/place/Agence+Kalya/data=!4m7!3m6!1s0x47f4eb04ac02b233:0x891b934e14d4facf!8m2!3d45.7708281!4d4.811786!16s%2Fg%2F11r_gm5kn8!19sChIJM7ICrATr9EcRz_rUFE6TG4k?authuser=0&hl=fr&g_ep=EgoyMDI2MDkyMy4wIJJjKgBIAVAD&rclk=1
Mо̄do,Service de marketing Internet,"15 Bd de Launay, 44100 Nantes, France",Nantes,https://agence-modo.fr/,+33 2 40 50 18 23,52,4.900000,https://www.google.com/maps/place/M%D0%BE%CC%84do/data=!4m7!3m6!1s0x4805ed4aca6ba11b:0xf2ff754c52640e22!8m2!3d47.2103703!4d-1.573573!16s%2Fg%2F11j613_hcl!19sChIJG6FrykrtBUgRIg5kUkx1__I?authuser=0&hl=fr&g_ep=EgoyMDI2MDkyMy4wIJJjKgBIAVAD&rclk=1
Wapiti,Concepteur de sites Web,"23 Rue Jules Lefebvre, 59800 Lille, France",Lille,https://wapiti-agency.com/,+33 9 72 58 70 06,52,4.900000,https://www.google.com/maps/place/Wapiti/data=!4m7!3m6!1s0x47c2d5872900f725:0x8619236183cd0770!8m2!3d50.6284258!4d3.0475801!16s%2Fg%2F11c205yx6f!19sChIJJfcAKYfVwkcRcAfNg2EjGYY?authuser=0&hl=fr&g_ep=EgoyMDI2MDkyMy4wIJJjKgBIAVAD&rclk=1
Cerf à Lunettes,Concepteur de sites Web,"5 Rue des Arts et Métiers, 38000 Grenoble, France",Grenoble,http://creation-site-web-grenoble.fr/,+33 4 76 19 05 35,51,5.000000,https://www.google.com/maps/place/Cerf+%C3%A0+Lunettes/data=!4m7!3m6!1s0x478af45d720716eb:0x6a5b994b8de1a5f3!8m2!3d45.1858792!4d5.7047607!16s%2Fg%2F1hc32mv6v!19sChIJ6xYHcl30ikcR86XhjUuZW2o?authuser=0&hl=fr&g_ep=EgoyMDI2MDkyMy4wIJJjKgBIAVAD&rclk=1
MASHVP,Concepteur de sites Web,"2 Rue Pierre de Fermat, 31000 Toulouse, France",Toulouse,https://mashvp.com/,+33 9 62 62 11 51,51,4.900000,https://www.google.com/maps/place/MASHVP/data=!4m7!3m6!1s0x12aebc827624c533:0x5f8909f9f6cd8af6!8m2!3d43.5986807!4d1.4490316!16s%2Fg%2F1pxq8r0nx!19sChIJM8UkdoK8rhIR9orN9vkJiV8?authuser=0&hl=fr&g_ep=EgoyMDI2MDkyMy4wIJJjKgBIAVAD&rclk=1
Open Five,Service de marketing Internet,"33 Rue de la République, 69002 Lyon, France",Lyon,https://www.open-five.fr/,+33 9 52 76 34 92,51,4.900000,https://www.google.com/maps/place/Open+Five/data=!4m7!3m6!1s0x47f4c30ad68c2f23:0xca37e25367e8bca6!8m2!3d45.7629032!4d4.8360115!16s%2Fg%2F11j6c2sq03!19sChIJIy-M1grD9EcRprzoZ1PiN8o?authuser=0&hl=fr&g_ep=EgoyMDI2MDkyMy4wIJJjKgBIAVAD&rclk=1
"SW Agency, Agence Digitale | App Mobile 🚀 | Site internet 💻 | SEO 👨🏼‍💻 | E-commerce 🛍️ | Réseaux sociaux 📲 | Marketing 📈",Concepteur de sites Web,"169 Av. Berthelot, 69007 Lyon, France",Lyon,https://www.sw-siteinternet.com/,+33 7 83 11 38 67,51,4.800000,"https://www.google.com/maps/place/SW+Agency,+Agence+Digitale+%7C+App+Mobile+%F0%9F%9A%80+%7C+Site+internet+%F0%9F%92%BB+%7C+SEO+%F0%9F%91%A8%F0%9F%8F%BC%E2%80%8D%F0%9F%92%BB+%7C+E-commerce+%F0%9F%9B%8D%EF%B8%8F+%7C+R%C3%A9seaux+sociaux+%F0%9F%93%B2+%7C+Marketing+%F0%9F%93%88/data=!4m7!3m6!1s0x47f4ebde171f538b:0x6e2a944b5c9021c1!8m2!3d45.7420679!4d4.8521804!16s%2Fg%2F11h_fth2ps!19sChIJi1MfF97r9EcRwSGQXEuUKm4?authuser=0&hl=fr&g_ep=EgoyMDI2MDkyMy4wIJJjKgBIAVAD&rclk=1"
Creationwebsite - Agence Web 31,Concepteur de sites Web,"6 All. Jean Jaurès Ét 1, 31000 Toulouse, France",Toulouse,https://www.creationwebsite.fr/,+33 5 82 95 03 26,50,5.000000,https://www.google.com/maps/place/Creationwebsite+-+Agence+Web+31/data=!4m7!3m6!1s0x12aebd2377640b23:0x5624d025513a98b6!8m2!3d43.6056286!4d1.4492451!16s%2Fg%2F11lclqqv6f!19sChIJIwtkdyO9rhIRtpg6USXQJFY?authuser=0&hl=fr&g_ep=EgoyMDI2MDkyMy4wIJJjKgBIAVAD&rclk=1
Dalt,Concepteur de sites Web,"62 Rue Saint-Sébastien, 59000 Lille, France",Lille,https://www.dalt.fr/,+33 3 69 61 60 70,50,4.900000,https://www.google.com/maps/place/Dalt/data=!4m7!3m6!1s0x47c32a7dc5a57cc9:0x6c25d92a6bb34f85!8m2!3d50.6472267!4d3.060445!16s%2Fg%2F1tg5t67r!19sChIJyXylxX0qw0cRhU-zayrZJWw?authuser=0&hl=fr&g_ep=EgoyMDI2MDkyMy4wIJJjKgBIAVAD&rclk=1
idéveloppement,Concepteur de sites Web,"90 Cr de Verdun, 33000 Bordeaux, France",Bordeaux,http://www.ideveloppement.fr/,+33 5 57 78 35 43,49,5.000000,https://www.google.com/maps/place/id%C3%A9veloppement/data=!4m7!3m6!1s0xd5529bc67dcd417:0xb2b64f27b1a9bffb!8m2!3d44.8501787!4d-0.574393!16s%2Fg%2F11hf1h68gb!19sChIJF9TcZ7wpVQ0R-7-psSdPtrI?authuser=0&hl=fr&g_ep=EgoyMDI2MDkyMy4wIJJjKgBIAVAD&rclk=1
Pastek Media,Concepteur de sites Web,"28 Rue des Arts, 59800 Lille, France",Lille,https://pastek-media.fr/,+33 6 16 78 30 17,49,5.000000,https://www.google.com/maps/place/Pastek+Media/data=!4m7!3m6!1s0x47c2d54c9f4667af:0x6e5b60096cecc388!8m2!3d50.6385147!4d3.0665596!16s%2Fg%2F11lcst3q15!19sChIJr2dGn0zVwkcRiMPsbAlgW24?authuser=0&hl=fr&g_ep=EgoyMDI2MDkyMy4wIJJjKgBIAVAD&rclk=1
WeDezign,Concepteur de sites Web,"12 Rue Martel, 75010 Paris, France",Paris,https://www.wedezign.fr/,+33 6 52 35 55 56,49,5.000000,https://www.google.com/maps/place/WeDezign/data=!4m7!3m6!1s0x47e67fe1ffc0131f:0xb40f85ace0c2f94!8m2!3d48.8743432!4d2.3533906!16s%2Fg%2F11fkyx_d8l!19sChIJHxPA_-F_5kcRlC8Mzlr4QAs?authuser=0&hl=fr&g_ep=EgoyMDI2MDkyMy4wIJJjKgBIAVAD&rclk=1
LATELIER,Concepteur de sites Web,"2 Rue Didienne, 44000 Nantes, France",Nantes,https://www.latelier-conceptionweb.com/,+33 2 79 65 46 18,49,4.800000,https://www.google.com/maps/place/LATELIER/data=!4m7!3m6!1s0x4805934c98b85dc1:0xd43e5dad9f45e2ce!8m2!3d47.2184896!4d-1.5575582!16s%2Fg%2F1ptwtjfnn!19sChIJwV24mEyTBUgRzuJFn61dPtQ?authuser=0&hl=fr&g_ep=EgoyMDI2MDkyMy4wIJJjKgBIAVAD&rclk=1
Oscar Référencement,Service de marketing Internet,"58 Rue Greneta, 75002 Paris, France",Paris,https://www.oscar-referencement.com/,+33 9 81 24 91 63,49,4.800000,https://www.google.com/maps/place/Oscar+R%C3%A9f%C3%A9rencement/data=!4m7!3m6!1s0x47e66e3d465eefe5:0x92df9d52f05d04d9!8m2!3d48.8657226!4d2.3478741!16s%2Fg%2F11hbpksypx!19sChIJ5e9eRj1u5kcR2QRd8FKd35I?authuser=0&hl=fr&g_ep=EgoyMDI2MDkyMy4wIJJjKgBIAVAD&rclk=1
Studio Seja,Concepteur de sites Web,"2 Rue des Hallebardes, 67000 Strasbourg, France",Strasbourg,https://studioseja.fr/,+33 6 65 31 43 66,48,5.000000,https://www.google.com/maps/place/Studio+Seja/data=!4m7!3m6!1s0x8e6da9221f6d8c27:0xbbc85c0f0c94b87!8m2!3d48.58155!4d7.7489964!16s%2Fg%2F11sby3cyfr!19sChIJJ4xtHyKpbY4Rh0vJ8MCFvAs?authuser=0&hl=fr&g_ep=EgoyMDI2MDkyMy4wIJJjKgBIAVAD&rclk=1
✅ Optimize 360,Service de marketing Internet,"71 Rue Daguerre, 75014 Paris, France",Paris,https://www.optimize360.fr/agence-seo/,+33 9 78 45 23 76,48,5.000000,https://www.google.com/maps/place/%E2%9C%85+Optimize+360/data=!4m7!3m6!1s0x47e61275fea83397:0xf6a944f88d55af00!8m2!3d48.8353257!4d2.3254781!16s%2Fg%2F11h12mxw4!19sChIJlzOo_nUS5kcRAK9VjfhEqfY?authuser=0&hl=fr&g_ep=EgoyMDI2MDkyMy4wIJJjKgBIAVAD&rclk=1
Qwenty,Concepteur de sites Web,"4 Quai Koch, 67000 Strasbourg, France",Strasbourg,https://qwenty.fr/,+33 7 49 55 53 01,48,4.800000,https://www.google.com/maps/place/Qwenty/data=!4m7!3m6!1s0x4796c9199e35a3dd:0xbcb17b3f1290171!8m2!3d48.5852319!4d7.7580477!16s%2Fg%2F11h6xwc2l3!19sChIJ3aM1nhnJlkcRcQEp8bMXyws?authuser=0&hl=fr&g_ep=EgoyMDI2MDkyMy4wIJJjKgBIAVAD&rclk=1
Agence Web Paris - Bew Web Agency,Concepteur de sites Web,"401 Rue des Pyrénées, 75020 Paris, France",Paris,https://www.bew-web-agency.fr/,+33 1 84 60 68 39,47,5.000000,https://www.google.com/maps/place/Agence+Web+Paris+-+Bew+Web+Agency/data=!4m7!3m6!1s0x47e66dea248df7fd:0x7e46482328d209ee!8m2!3d48.8738107!4d2.3856918!16s%2Fg%2F11_rxfcx6!19sChIJ_feNJOpt5kcR7gnSKCNIRn4?authuser=0&hl=fr&g_ep=EgoyMDI2MDkyMy4wIJJjKgBIAVAD&rclk=1
Atlas Studio,Concepteur de sites Web,"4 Pl. du Théâtre, 59000 Lille, France",Lille,https://atlasstudioweb.com/?utm_source=gmb,+33 6 63 99 48 56,47,5.000000,https://www.google.com/maps/place/Atlas+Studio/data=!4m7!3m6!1s0x47f4eb80e2b6a451:0xccb4795e3f165e4!8m2!3d50.6378937!4d3.0644115!16s%2Fg%2F11rd5bskg9!19sChIJUaS24oDr9EcR5GXx45VHyww?authuser=0&hl=fr&g_ep=EgoyMDI2MDkyMy4wIJJjKgBIAVAD&rclk=1
Hdigiweb,Concepteur de sites Web,"19 Rue des Fougères, 31200 Toulouse, France",Toulouse,https://hdigiweb.com/,+33 6 29 99 03 96,45,5.000000,https://www.google.com/maps/place/Hdigiweb/data=!4m7!3m6!1s0x12aea3ef06864fa1:0x3b58a26e868d010a!8m2!3d43.6491276!4d1.447935!16s%2Fg%2F11w3kgfdd7!19sChIJoU-GBu-jrhIRCgGNhm6iWDs?authuser=0&hl=fr&g_ep=EgoyMDI2MDkyMy4wIJJjKgBIAVAD&rclk=1
E-NOVEA - agence web - Strasbourg,Concepteur de sites Web,"15 Rue de la Haye, 67300 Schiltigheim, France",Schiltigheim,https://www.e-novea.fr/,+33 3 88 36 63 37,45,4.800000,https://www.google.com/maps/place/E-NOVEA+-+agence+web+-+Strasbourg/data=!4m7!3m6!1s0x4796b7fa9508ae59:0x59c8ce8a72e1bd8b!8m2!3d48.613653!4d7.706758!16s%2Fg%2F1232tgvt2!19sChIJWa4Ilfq3lkcRi73hcorOyFk?authuser=0&hl=fr&g_ep=EgoyMDI2MDkyMy4wIJJjKgBIAVAD&rclk=1
StartBiz,Concepteur de sites Web,"40 Rue Papety, 13007 Marseille, France",Marseille,https://www.startbiz.fr/,+33 7 57 80 10 13,44,5.000000,https://www.google.com/maps/place/StartBiz/data=!4m7!3m6!1s0x12c9c0a76cd6692f:0xdd4c156c68350fc8!8m2!3d43.2907467!4d5.3566544!16s%2Fg%2F11btxh1k4s!19sChIJL2nWbKfAyRIRyA81aGwVTN0?authuser=0&hl=fr&g_ep=EgoyMDI2MDkyMy4wIJJjKgBIAVAD&rclk=1
Linkeo,Concepteur de sites Web,"155 Rue de la Liberté, 38180 Seyssins, France",Seyssins,https://www.linkeo-grenoble.com/,+33 9 74 56 38 38,44,4.600000,https://www.google.com/maps/place/Linkeo/data=!4m7!3m6!1s0x478af35e5fc57939:0x291e931bb3414c09!8m2!3d45.1601356!4d5.6965611!16s%2Fg%2F11h0t1pynw!19sChIJOXnFX17zikcRCUxBsxuTHik?authuser=0&hl=fr&g_ep=EgoyMDI2MDkyMy4wIJJjKgBIAVAD&rclk=1
Appalga,Concepteur de sites Web,"Pl. des Grands Hommes, 33000 Bordeaux, France",Bordeaux,https://www.appalga.com/,+33 5 57 61 36 72,43,5.000000,https://www.google.com/maps/place/Appalga/data=!4m7!3m6!1s0xd55262b5e6ae1ef:0xd901448a1a5ddee3!8m2!3d44.84308!4d-0.5775793!16s%2Fg%2F11c6w05mjh!19sChIJ7-FqXismVQ0R495dGopEAdk?authuser=0&hl=fr&g_ep=EgoyMDI2MDkyMy4wIJJjKgBIAVAD&rclk=1
Sacha création,Concepteur de sites Web,"54 Av. du Ray, 06100 Nice, France",Nice,https://sacha-creation.com/,+33 6 10 19 70 22,43,5.000000,https://www.google.com/maps/place/Sacha+cr%C3%A9ation/data=!4m7!3m6!1s0x12cdcf1c94334b0f:0xe2b741c62a87ded8!8m2!3d43.7272661!4d7.2539155!16s%2Fg%2F11mvq2zydr!19sChIJD0szlBzPzRIR2N6HKsZBt-I?authuser=0&hl=fr&g_ep=EgoyMDI2MDkyMy4wIJJjKgBIAVAD&rclk=1
Studio Petit Vélo | Création de site internet et référencement SEO SEA,Concepteur de sites Web,"49 Rue Jules Guesde, 33800 Bordeaux, France",Bordeaux,http://www.studiopetitvelo.fr/,+33 6 82 89 63 89,43,5.000000,https://www.google.com/maps/place/Studio+Petit+V%C3%A9lo+%7C+Cr%C3%A9ation+de+site+internet+et+r%C3%A9f%C3%A9rencement+SEO+SEA/data=!4m7!3m6!1s0xd552752c64efb75:0xa92c91985ad994b7!8m2!3d44.829365!4d-0.5645145!16s%2Fg%2F11rqckv4l3!19sChIJdftOxlInVQ0Rt5TZWpiRLKk?authuser=0&hl=fr&g_ep=EgoyMDI2MDkyMy4wIJJjKgBIAVAD&rclk=1
FAR,Concepteur de sites Web,"2 Rue du Dr Roux, 35000 Rennes, France",Rennes,https://far.bzh/,+33 6 08 42 40 72,43,4.900000,https://www.google.com/maps/place/FAR/data=!4m7!3m6!1s0x480edfc486b2798f:0x96408fe873080ac2!8m2!3d48.103138!4d-1.683137!16s%2Fg%2F11hdx1dszw!19sChIJj3myhsTfDkgRwgoIc-iPQJY?authuser=0&hl=fr&g_ep=EgoyMDI2MDkyMy4wIJJjKgBIAVAD&rclk=1
Eoxia - Création site web Montpellier,Concepteur de sites Web,"49 bis Av. du Pont Juvénal, 34000 Montpellier, France",Montpellier,https://www.eoxia.com/,+33 4 11 93 00 20,43,4.800000,https://www.google.com/maps/place/Eoxia+-+Cr%C3%A9ation+site+web+Montpellier/data=!4m7!3m6!1s0x12b6afa3d9b823d7:0xa7b9a1d3d9035931!8m2!3d43.6055824!4d3.8887003!16s%2Fg%2F1tr_2q96!19sChIJ1yO42aOvthIRMVkD2dOhuac?authuser=0&hl=fr&g_ep=EgoyMDI2MDkyMy4wIJJjKgBIAVAD&rclk=1
WYBE,Concepteur de sites Web,"31 Rue Juliette Récamier, 69006 Lyon, France",Lyon,https://wybe.fr/,+33 7 56 92 08 21,42,5.000000,https://www.google.com/maps/place/WYBE/data=!4m7!3m6!1s0x47f4ea1487520581:0xd323e50085e25989!8m2!3d45.7658819!4d4.8554874!16s%2Fg%2F11f4r8vwck!19sChIJgQVShxTq9EcRiVnihQDlI9M?authuser=0&hl=fr&g_ep=EgoyMDI2MDkyMy4wIJJjKgBIAVAD&rclk=1
1er Contact - Agence SEO Paris,Service de marketing Internet,"110 Rue de Fontenay, 94300 Fontenay-sous-Bois, France",Fontenay-sous-Bois,https://www.1ercontact.fr/,+33 1 86 61 32 91,42,4.900000,https://www.google.com/maps/place/1er+Contact+-+Agence+SEO+Paris/data=!4m7!3m6!1s0x2d66dc30a8f7fc9f:0xcc3746ff8cb0a196!8m2!3d48.8482986!4d2.4382185!16s%2Fg%2F11y294_04n!19sChIJn_z3qDDcZi0RlqGwjP9GN8w?authuser=0&hl=fr&g_ep=EgoyMDI2MDkyMy4wIJJjKgBIAVAD&rclk=1
Codsense,Concepteur de sites Web,"80 Rue du Rendez-Vous, 75012 Paris, France",Paris,https://www.codsense.fr/,+33 6 87 19 45 09,42,4.900000,https://www.google.com/maps/place/Codsense/data=!4m7!3m6!1s0x47e6727a820c0001:0x5ce1e2aa3d5c0760!8m2!3d48.8473203!4d2.3996543!16s%2Fg%2F11c2r74174!19sChIJAQAMgnpy5kcRYAdcPari4Vw?authuser=0&hl=fr&g_ep=EgoyMDI2MDkyMy4wIJJjKgBIAVAD&rclk=1
Super Webmaster & NetClearer,Concepteur de sites Web,"34 Av. des Champs-Élysées, 75008 Paris, France",Paris,https://super-webmaster.com/,+33 1 83 64 01 09,42,4.800000,https://www.google.com/maps/place/Super+Webmaster+%26+NetClearer/data=!4m7!3m6!1s0x12b54116abf7ac09:0x21f7049179de63dc!8m2!3d48.8699961!4d2.3082883!16s%2Fg%2F11f764r8qj!19sChIJCaz3qxZBtRIR3GPeeZEE9yE?authuser=0&hl=fr&g_ep=EgoyMDI2MDkyMy4wIJJjKgBIAVAD&rclk=1
Agence 410 Gone,Service de marketing Internet,"6 Pl. Dumas de Loire, 69009 Lyon, France",Lyon,https://www.410-gone.fr/,+33 4 28 29 46 08,41,5.000000,https://www.google.com/maps/place/Agence+410+Gone/data=!4m7!3m6!1s0x47f4eb6c103aaaab:0xd144be7cfb97a1a8!8m2!3d45.772621!4d4.805036!16s%2Fg%2F11dxnzc5nh!19sChIJq6o6EGzr9EcRqKGX-3y-RNE?authuser=0&hl=fr&g_ep=EgoyMDI2MDkyMy4wIJJjKgBIAVAD&rclk=1
Hémisphère Web,Service de marketing Internet,"4 Quai Kellermann, 67000 Strasbourg, France",Strasbourg,https://www.hemisphereweb.com/?utm_source=google&utm_medium=seo&utm_campaign=google_my_business,+33 6 28 30 44 22,41,5.000000,https://www.google.com/maps/place/H%C3%A9misph%C3%A8re+Web/data=!4m7!3m6!1s0x4791502a085b1759:0x7198a9e8cf2bcda7!8m2!3d48.5858345!4d7.7448849!16s%2Fg%2F11btm9xclw!19sChIJWRdbCCpQkUcRp80rz-ipmHE?authuser=0&hl=fr&g_ep=EgoyMDI2MDkyMy4wIJJjKgBIAVAD&rclk=1
Zesto - Agence SEO & Google Ads,Service de marketing Internet,"8 Rue Waldeck Rousseau, 69006 Lyon, France",Lyon,https://agence-zesto.com/,+33 6 65 30 37 05,41,5.000000,https://www.google.com/maps/place/Zesto+-+Agence+SEO+%26+Google+Ads/data=!4m7!3m6!1s0x47f4eb0aa9234773:0xc821035d4614fc!8m2!3d45.769396!4d4.8581739!16s%2Fg%2F11l31r4tcj!19sChIJc0cjqQrr9EcR_BRGXQMhyAA?authuser=0&hl=fr&g_ep=EgoyMDI2MDkyMy4wIJJjKgBIAVAD&rclk=1
Net comme Web,Concepteur de sites Web,"47 Rue Tronchet, 69006 Lyon, France",Lyon,https://netcommeweb.fr/,+33 4 37 24 92 36,41,4.500000,https://www.google.com/maps/place/Net+comme+Web/data=!4m7!3m6!1s0x47f4eaf7dc975b07:0x6ed0e5b46f6ef54a!8m2!3d45.7701156!4d4.8486018!16s%2Fg%2F11g_2pkjz!19sChIJB1uX3Pfq9EcRSvVub7Tl0G4?authuser=0&hl=fr&g_ep=EgoyMDI2MDkyMy4wIJJjKgBIAVAD&rclk=1
Agence web - Site Web Montpellier,Concepteur de sites Web,"Marché du lez Le Galeo, 1348 Av. de la Mer-Raymond Dugrand, 34000 Montpellier, France",Montpellier,https://site-web-montpellier.fr/,+33 6 89 86 19 06,40,5.000000,https://www.google.com/maps/place/Agence+web+-+Site+Web+Montpellier/data=!4m7!3m6!1s0x12b6af8463ce1253:0x2c0d1c75269a3158!8m2!3d43.5921189!4d3.906604!16s%2Fg%2F11ngjhm2tt!19sChIJUxLOY4SvthIRWDGaJnUcDSw?authuser=0&hl=fr&g_ep=EgoyMDI2MDkyMy4wIJJjKgBIAVAD&rclk=1
Consultant SEO Bretagne,Service de marketing Internet,"10 Rue des Dames, 35000 Rennes, France",Rennes,https://consultant-seo-bretagne.fr/,+33 6 28 98 47 65,40,5.000000,https://www.google.com/maps/place/Consultant+SEO+Bretagne/data=!4m7!3m6!1s0x480edf96123560c7:0x1287b07a06aa07e3!8m2!3d48.1109153!4d-1.6839038!16s%2Fg%2F11ntgrdmw6!19sChIJx2A1EpbfDkgR4weqBnqwhxI?authuser=0&hl=fr&g_ep=EgoyMDI2MDkyMy4wIJJjKgBIAVAD&rclk=1
Eskimoz - Agence SEO Lyon,Service de marketing Internet,"Chez Wojo, 4 Pl. Amédée Bonnet, 69002 Lyon, France",Lyon,https://www.eskimoz.fr/agence-seo-lyon/?utm_campaign=gmb-lyon&utm_medium=organic&utm_source=google,+33 4 28 29 59 78,40,5.000000,https://www.google.com/maps/place/Eskimoz+-+Agence+SEO+Lyon/data=!4m7!3m6!1s0x47f4ebc28078b667:0x13c9fd985db5f88d!8m2!3d45.7583683!4d4.8363451!16s%2Fg%2F11fvh0j3vs!19sChIJZ7Z4gMLr9EcRjfi1XZj9yRM?authuser=0&hl=fr&g_ep=EgoyMDI2MDkyMy4wIJJjKgBIAVAD&rclk=1
Mademoiselle Web,Concepteur de sites Web,"16 Rue Jean Prévost, 38000 Grenoble, France",Grenoble,https://mademoiselleweb.com/,+33 6 20 58 20 23,40,5.000000,https://www.google.com/maps/place/Mademoiselle+Web/data=!4m7!3m6!1s0x478af584b6585d65:0x5ae0400fbf727535!8m2!3d45.1844386!4d5.7158358!16s%2Fg%2F11h_cnp2yk!19sChIJZV1YtoT1ikcRNXVyvw9A4Fo?authuser=0&hl=fr&g_ep=EgoyMDI2MDkyMy4wIJJjKgBIAVAD&rclk=1
Beeween.com,Concepteur de sites Web,"10 Parc Club du Millenaire, 1025 Av. Henri Becquerel, 34000 Montpellier, France",Montpellier,https://beeween.com/,+33 6 48 16 46 66,40,4.900000,https://www.google.com/maps/place/Beeween.com/data=!4m7!3m6!1s0x12b6a58294b8f0d5:0x2626382025fef5f2!8m2!3d43.610028!4d3.917364!16s%2Fg%2F1jkylpysd!19sChIJ1fC4lIKlthIR8vX-JSA4JiY?authuser=0&hl=fr&g_ep=EgoyMDI2MDkyMy4wIJJjKgBIAVAD&rclk=1
Mathieu Pagnier,Concepteur de sites Web,"21 Rue Etienne Richerand, 69003 Lyon, France",Lyon,https://creation-site-internet-lyon.com/,+33 6 59 87 86 07,40,4.900000,https://www.google.com/maps/place/Mathieu+Pagnier/data=!4m7!3m6!1s0x47f4eb2da4af43f5:0xd22f9755c7fc195a!8m2!3d45.7620421!4d4.8668073!16s%2Fg%2F11h_s2m24t!19sChIJ9UOvpC3r9EcRWhn8x1WXL9I?authuser=0&hl=fr&g_ep=EgoyMDI2MDkyMy4wIJJjKgBIAVAD&rclk=1
ACID-Solutions,Concepteur de sites Web,"5 Rue de Bréa, 44000 Nantes, France",Nantes,https://www.acid.fr/,+33 2 85 52 02 81,39,5.000000,https://www.google.com/maps/place/ACID-Solutions/data=!4m7!3m6!1s0x4805ec1b4f290f9b:0x7bde5f45d7770829!8m2!3d47.211334!4d-1.5651193!16s%2Fg%2F11cfb8ntw!19sChIJmw8pTxvsBUgRKQh310Vf3ns?authuser=0&hl=fr&g_ep=EgoyMDI2MDkyMy4wIJJjKgBIAVAD&rclk=1
Uniweb - Agence Web Toulouse,Concepteur de sites Web,"121 b Av. Tolosane, 31520 Ramonville-Saint-Agne, France",Ramonville-Saint-Agne,https://www.uniweb-toulouse.fr/,+33 5 34 31 51 76,39,4.900000,https://www.google.com/maps/place/Uniweb+-+Agence+Web+Toulouse/data=!4m7!3m6!1s0x12aebfac98127eb3:0xc58a7e713b047df4!8m2!3d43.5386787!4d1.4802261!16s%2Fg%2F11gmwhhnqf!19sChIJs34SmKy_rhIR9H0EO3F-isU?authuser=0&hl=fr&g_ep=EgoyMDI2MDkyMy4wIJJjKgBIAVAD&rclk=1
Blacksmith,Concepteur de sites Web,"16 R. de Turbigo, 75002 Paris, France",Paris,http://blacksmith.studio/,+33 1 83 79 02 05,38,4.800000,https://www.google.com/maps/place/Blacksmith/data=!4m7!3m6!1s0x47e66e3e568bb8ab:0x9fd39a122ccef0a4!8m2!3d48.8639027!4d2.349792!16s%2Fg%2F11c56r9r7d!19sChIJq7iLVj5u5kcRpPDOLBKa058?authuser=0&hl=fr&g_ep=EgoyMDI2MDkyMy4wIJJjKgBIAVAD&rclk=1
Agence web Visions Nouvelles,Concepteur de sites Web,"72 Rue de la Figairasse, 34070 Montpellier, France",Montpellier,https://www.visionsnouvelles.com/,+33 4 67 22 42 88,37,5.000000,https://www.google.com/maps/place/Agence+web+Visions+Nouvelles/data=!4m7!3m6!1s0x12b6a546a68d554b:0xea0daf0112a5b09b!8m2!3d43.6043781!4d3.8571649!16s%2Fg%2F1td5c9c1!19sChIJS1WNpkalthIRm7ClEgGvDeo?authuser=0&hl=fr&g_ep=EgoyMDI2MDkyMy4wIJJjKgBIAVAD&rclk=1
Tsuki Dev,Concepteur de sites Web,"110 Av. Barthélémy Buyer Espace 110, 69009 Lyon, France",Lyon,https://tsukidev.fr/,+33 7 66 75 39 98,37,5.000000,https://www.google.com/maps/place/Tsuki+Dev/data=!4m7!3m6!1s0x47f4ebfd8de72a0d:0xda6b77c4aaf82509!8m2!3d45.763108!4d4.8017104!16s%2Fg%2F11wth56gcw!19sChIJDSrnjf3r9EcRCSX4qsR3a9o?authuser=0&hl=fr&g_ep=EgoyMDI2MDkyMy4wIJJjKgBIAVAD&rclk=1
WebRapide.fr,Concepteur de sites Web,,,http://webrapide.fr/,+33 6 44 63 24 01,37,5.000000,https://www.google.com/maps/place/WebRapide.fr/data=!4m7!3m6!1s0x43de68179025a221:0xd050d8d59f622889!8m2!3d30.6959409!4d-49.8171262!16s%2Fg%2F11y_q3j92n!19sChIJIaIlkBdo3kMRiShin9XYUNA?authuser=0&hl=fr&g_ep=EgoyMDI2MDkyMy4wIJJjKgBIAVAD&rclk=1
Viseo Conseil,Concepteur de sites Web,"418 Rue du Mas de Verchant, 34000 Montpellier, France",Montpellier,https://www.viseoconseil.fr/,+33 5 33 06 26 98,37,4.800000,https://www.google.com/maps/place/Viseo+Conseil/data=!4m7!3m6!1s0x12b6a58f704671f3:0xe929b1ce14084568!8m2!3d43.6193686!4d3.9130363!16s%2Fg%2F11c7012fk_!19sChIJ83FGcI-lthIRaEUIFM6xKek?authuser=0&hl=fr&g_ep=EgoyMDI2MDkyMy4wIJJjKgBIAVAD&rclk=1
Studio JNA Création de site Web,Concepteur de sites Web,"16 Rue Cuvier, 69006 Lyon, France",Lyon,http://www.studiojna.fr/,+33 6 49 41 32 08,36,5.000000,https://www.google.com/maps/place/Studio+JNA+Cr%C3%A9ation+de+site+Web/data=!4m7!3m6!1s0xae28c488ad7f1337:0x4b806341f12770ac!8m2!3d45.7665364!4d4.8431041!16s%2Fg%2F11yqxwb7ww!19sChIJNxN_rYjEKK4RrHAn8UFjgEs?authuser=0&hl=fr&g_ep=EgoyMDI2MDkyMy4wIJJjKgBIAVAD&rclk=1
Visibleo - Agence Digitale Paris,Service de marketing Internet,"131 Bd Pereire, 75017 Paris, France",Paris,https://www.visibleo.co/?utm_source=GMB&utm_medium=organic&utm_campaign=paris,+33 1 84 20 21 31,36,4.700000,https://www.google.com/maps/place/Visibleo+-+Agence+Digitale+Paris/data=!4m7!3m6!1s0x47e66f96f280402d:0x425477952f2e0d98!8m2!3d48.8841666!4d2.2963672!16s%2Fg%2F11bytn9zz_!19sChIJLUCA8pZv5kcRmA0uL5V3VEI?authuser=0&hl=fr&g_ep=EgoyMDI2MDkyMy4wIJJjKgBIAVAD&rclk=1
Goclic,Concepteur de sites Web,"48 Rue Claude Balbastre, 34070 Montpellier, France",Montpellier,https://www.goclic.fr/,+33 4 11 93 91 42,35,5.000000,https://www.google.com/maps/place/Goclic/data=!4m7!3m6!1s0x27cb0c37e465ab35:0xcebc71443200573d!8m2!3d43.5729285!4d3.8618701!16s%2Fg%2F11z1_x7s0g!19sChIJNatl5DcMyycRPVcAMkRxvM4?authuser=0&hl=fr&g_ep=EgoyMDI2MDkyMy4wIJJjKgBIAVAD&rclk=1
SEO MOUNTAIN,Service de marketing Internet,"4 Rue de la République, 69001 Lyon, France",Lyon,https://seomountain.fr/,+33 6 65 66 42 11,35,5.000000,https://www.google.com/maps/place/SEO+MOUNTAIN/data=!4m7!3m6!1s0x47f4eb21c37f4fbd:0xb25a2aa1995cd133!8m2!3d45.7667964!4d4.8358581!16s%2Fg%2F11sqwbgw3v!19sChIJvU9_wyHr9EcRM9FcmaEqWrI?authuser=0&hl=fr&g_ep=EgoyMDI2MDkyMy4wIJJjKgBIAVAD&rclk=1
Webalia - Agence web à Strasbourg,Concepteur de sites Web,"37 Rue du Fossé des Treize, 67000 Strasbourg, France",Strasbourg,https://webalia.fr/,+33 6 71 53 32 93,35,5.000000,https://www.google.com/maps/place/Webalia+-+Agence+web+%C3%A0+Strasbourg/data=!4m7!3m6!1s0x4796c8bff7f15043:0x420772ab2932d637!8m2!3d48.5894468!4d7.7463983!16s%2Fg%2F11ddwkr3pz!19sChIJQ1Dx97_IlkcRN9YyKatyB0I?authuser=0&hl=fr&g_ep=EgoyMDI2MDkyMy4wIJJjKgBIAVAD&rclk=1
Agence SLASHR,Service de marketing Internet,"Place de Saintignon, Batiment Lafont, Euratechnologie, 165 Av. de Bretagne, 59000 Lille, France",Lille,https://agence-slashr.fr/seo/,+33 6 32 99 77 19,35,4.900000,https://www.google.com/maps/place/Agence+SLASHR/data=!4m7!3m6!1s0x47c2d5a1b3493f5f:0x11861c70a95df525!8m2!3d50.633214!4d3.0195427!16s%2Fg%2F11tgbvl8gf!19sChIJXz9Js6HVwkcRJfVdqXAchhE?authuser=0&hl=fr&g_ep=EgoyMDI2MDkyMy4wIJJjKgBIAVAD&rclk=1
148 Agence Collective - Agence de communication Paris,Concepteur de sites Web,"8 Rue de Sofia, 75018 Paris, France",Paris,https://148.fr/,+33 1 42 72 92 37,35,4.500000,https://www.google.com/maps/place/148+Agence+Collective+-+Agence+de+communication+Paris/data=!4m7!3m6!1s0x47e67272e1bdeb3f:0x1d7dfdc8ed038623!8m2!3d48.8849442!4d2.3480755!16s%2Fg%2F1tgmvl5d!19sChIJP-u94XJy5kcRI4YD7cj9fR0?authuser=0&hl=fr&g_ep=EgoyMDI2MDkyMy4wIJJjKgBIAVAD&rclk=1
Agence Doko : SEO et Google Ads à Lyon,Service de marketing Internet,"54 Chem. du Pras, 69350 La Mulatière, France",La Mulatière,http://www.doko.fr/?utm_source=google&utm_medium=gmb,+33 9 83 72 51 82,34,5.000000,https://www.google.com/maps/place/Agence+Doko+:+SEO+et+Google+Ads+%C3%A0+Lyon/data=!4m7!3m6!1s0x47f4ebe8628705f3:0x49eda484226f55aa!8m2!3d45.7252881!4d4.8149748!16s%2Fg%2F11c1p57hfs!19sChIJ8wWHYujr9EcRqlVvIoSk7Uk?authuser=0&hl=fr&g_ep=EgoyMDI2MDkyMy4wIJJjKgBIAVAD&rclk=1
Agence Web COQ NOIR - Création de site internet,Concepteur de sites Web,"222 Pl. Ernest Granier, 34000 Montpellier, France",Montpellier,https://coqnoir.fr/creation-site-internet-agence-web-montpellier/,+33 4 11 93 72 23,34,5.000000,https://www.google.com/maps/place/Agence+Web+COQ+NOIR+-+Cr%C3%A9ation+de+site+internet/data=!4m7!3m6!1s0x12b6a5089a559f51:0xa16dbc35d9ff970a!8m2!3d43.601331!4d3.9006858!16s%2Fg%2F11v3xpnj44!19sChIJUZ9VmgilthIRCpf_2TW8baE?authuser=0&hl=fr&g_ep=EgoyMDI2MDkyMy4wIJJjKgBIAVAD&rclk=1
Orylis.fr,Concepteur de sites Web,"13 Rue Sainte-Ursule, 31000 Toulouse, France",Toulouse,https://www.orylis.fr/,+33 7 57 80 69 75,34,4.900000,https://www.google.com/maps/place/Orylis.fr/data=!4m7!3m6!1s0x79ea98b0061ad9d:0x5915ce63d2444a04!8m2!3d43.6020492!4d1.442091!16s%2Fg%2F11qbfh2_55!19sChIJna1hAIupngcRBEpE0mPOFVk?authuser=0&hl=fr&g_ep=EgoyMDI2MDkyMy4wIJJjKgBIAVAD&rclk=1
Site web Paris 13,Concepteur de sites Web,,Paris,http://lucas-web.fr/,+33 6 16 85 33 80,33,4.900000,https://www.google.com/maps/place/Site+web+Paris+13/data=!4m7!3m6!1s0x42b01a93df08df79:0x1ea4b85b201f83f1!8m2!3d48.8163577!4d2.3696668!16s%2Fg%2F11y8l53qs6!19sChIJed8I35MasEIR8YMfIFu4pB4?authuser=0&hl=fr&g_ep=EgoyMDI2MDkyMy4wIJJjKgBIAVAD&rclk=1
Digital Cover - Agence Web,Concepteur de sites Web,"24 Ave. Joannès Masset Bâtiment 3, 69009 Lyon, France",Lyon,https://digital-cover.fr/,+33 4 72 32 11 97,33,4.500000,https://www.google.com/maps/place/Digital+Cover+-+Agence+Web/data=!4m7!3m6!1s0x47f4eb6581c78ed5:0x3721bd3c32451421!8m2!3d45.770004!4d4.7994268!16s%2Fg%2F1jkyf6vf4!19sChIJ1Y7HgWXr9EcRIRRFMjy9ITc?authuser=0&hl=fr&g_ep=EgoyMDI2MDkyMy4wIJJjKgBIAVAD&rclk=1
Capitaine Site,Concepteur de sites Web,"38 Rue Ribotti, 06300 Nice, France",Nice,https://capitainesite.com/,,32,5.000000,https://www.google.com/maps/place/Capitaine+Site/data=!4m7!3m6!1s0x12cddbaedb81c4df:0x7ab947536bf87e98!8m2!3d43.7043523!4d7.2851987!16s%2Fg%2F11ss74xz6x!19sChIJ38SB267bzRIRmH74a1NHuXo?authuser=0&hl=fr&g_ep=EgoyMDI2MDkyMy4wIJJjKgBIAVAD&rclk=1
Koda,Concepteur de sites Web,"12 Les Vallières, 06100 Nice, France",Nice,https://kodagency.fr/creation-site-internet-nice/,+33 2 42 18 00 56,32,5.000000,https://www.google.com/maps/place/Koda/data=!4m7!3m6!1s0xa441cd27ad0f7d7b:0xcc8579947f4b37e2!8m2!3d43.7598673!4d7.2258693!16s%2Fg%2F11xv9l36pt!19sChIJe30PrSfNQaQR4jdLf5R5hcw?authuser=0&hl=fr&g_ep=EgoyMDI2MDkyMy4wIJJjKgBIAVAD&rclk=1
MRCOM,Service de marketing Internet,"16 Rue Saint-Antoine du T, 31000 Toulouse, France",Toulouse,https://mrcom.fr/,+33 5 37 07 37 35,32,5.000000,https://www.google.com/maps/place/MRCOM/data=!4m7!3m6!1s0x12aebd5fd1704161:0x967bae913f95bd6d!8m2!3d43.6032421!4d1.4473692!16s%2Fg%2F11r98mljjc!19sChIJYUFw0V-9rhIRbb2VP5Gue5Y?authuser=0&hl=fr&g_ep=EgoyMDI2MDkyMy4wIJJjKgBIAVAD&rclk=1
Monaclic,Concepteur de sites Web,,,https://monaclic.com/,+33 7 49 18 55 48,32,4.900000,https://www.google.com/maps/place/Monaclic/data=!4m7!3m6!1s0xa2b86328f292c61d:0xc8567fedf14098cb!8m2!3d43.663142!4d7.2381413!16s%2Fg%2F11ml2pq_cq!19sChIJHcaS8ihjuKIRy5hA8e1_Vsg?authuser=0&hl=fr&g_ep=EgoyMDI2MDkyMy4wIJJjKgBIAVAD&rclk=1
KWANTIC,Concepteur de sites Web,"11 Rue Garat, 33000 Bordeaux, France",Bordeaux,https://kwantic.fr/,+33 9 70 70 86 70,32,4.800000,https://www.google.com/maps/place/KWANTIC/data=!4m7!3m6!1s0xd5527d9284bffff:0xede811348a3afa41!8m2!3d44.8304827!4d-0.5694801!16s%2Fg%2F11hcw78f3g!19sChIJ__9LKNknVQ0RQfo6ijQR6O0?authuser=0&hl=fr&g_ep=EgoyMDI2MDkyMy4wIJJjKgBIAVAD&rclk=1
EvoDesign,Concepteur de sites Web,"Rue Paul Bert, 38000 Grenoble, France",Grenoble,https://evodesign.fr/,+33 7 56 81 77 64,31,5.000000,https://www.google.com/maps/place/EvoDesign/data=!4m7!3m6!1s0x478af50051c05467:0x84fd94dc406e0907!8m2!3d45.1880492!4d5.7257451!16s%2Fg%2F11y2ts0f1f!19sChIJZ1TAUQD1ikcRBwluQNyU_YQ?authuser=0&hl=fr&g_ep=EgoyMDI2MDkyMy4wIJJjKgBIAVAD&rclk=1
WebRaft,Concepteur de sites Web,"Rue de Wazemmes, 59000 Lille, France",Lille,https://webraft.ovh/,+33 2 59 29 17 64,31,5.000000,https://www.google.com/maps/place/WebRaft/data=!4m7!3m6!1s0x47c2d5b1e30e8ecf:0x7021c35b9648c34a!8m2!3d50.6229249!4d3.0607167!16s%2Fg%2F11l2c2jjrj!19sChIJz44O47HVwkcRSsNIllvDIXA?authuser=0&hl=fr&g_ep=EgoyMDI2MDkyMy4wIJJjKgBIAVAD&rclk=1
Hiboost,Concepteur de sites Web,"74D Rue de Paris, 35000 Rennes, France",Rennes,https://www.hiboost.fr/,+33 2 23 40 27 16,31,4.600000,https://www.google.com/maps/place/Hiboost/data=!4m7!3m6!1s0x480edfd2a0dd2435:0xead07e306ed0!8m2!3d48.1126141!4d-1.6615694!16s%2Fg%2F11b75s81fg!19sChIJNSTdoNLfDkgR0G4wftDqAAA?authuser=0&hl=fr&g_ep=EgoyMDI2MDkyMy4wIJJjKgBIAVAD&rclk=1
E.Gate REFERENCEMENT Agence SEO GEO Paris,Service de marketing Internet,"57 Rue de Rennes, 75006 Paris, France",Paris,https://www.egatereferencement.com/,+33 1 83 62 87 87,31,4.200000,https://www.google.com/maps/place/E.Gate+REFERENCEMENT+Agence+SEO+GEO+Paris/data=!4m7!3m6!1s0x47e671d7461e4e09:0x910e31aa3445ee95!8m2!3d48.8521167!4d2.3318711!16s%2Fg%2F1tmqqp1v!19sChIJCU4eRtdx5kcRle5FNKoxDpE?authuser=0&hl=fr&g_ep=EgoyMDI2MDkyMy4wIJJjKgBIAVAD&rclk=1
Agence Web Bretagne,Concepteur de sites Web,"Rue de la Terre Victoria, 35760 Saint-Grégoire, France",Saint-Grégoire,https://agenceweb-bretagne.com/,+33 2 30 96 65 62,30,5.000000,https://www.google.com/maps/place/Agence+Web+Bretagne/data=!4m7!3m6!1s0x480e8df60815f8b3:0x92684d8d9e4f1664!8m2!3d48.1518927!4d-1.6984732!16s%2Fg%2F12hp5xqrc!19sChIJs_gVCPaNDkgRZBZPno1NaJI?authuser=0&hl=fr&g_ep=EgoyMDI2MDkyMy4wIJJjKgBIAVAD&rclk=1
Génération Internet,Concepteur de sites Web,"15 Rue Paul Bellamy, 44000 Nantes, France",Nantes,https://www.generation-net.org/fr/,+33 2 40 75 41 93,30,4.900000,https://www.google.com/maps/place/G%C3%A9n%C3%A9ration+Internet/data=!4m7!3m6!1s0x4805eea19401bba1:0x5c7a4460982bd1ab!8m2!3d47.221711!4d-1.556279!16s%2Fg%2F1thqg3n2!19sChIJobsBlKHuBUgRq9ErmGBEelw?authuser=0&hl=fr&g_ep=EgoyMDI2MDkyMy4wIJJjKgBIAVAD&rclk=1
Agence web Le Petit Garage,Concepteur de sites Web,"8 Rue de l'Héronnière, 44000 Nantes, France",Nantes,https://petitgarage.fr/,,30,4.800000,https://www.google.com/maps/place/Agence+web+Le+Petit+Garage/data=!4m7!3m6!1s0x4805ec1d54aadd91:0x6e5dabb9185b2b16!8m2!3d47.2121267!4d-1.5622352!16s%2Fg%2F11c3k2w50w!19sChIJkd2qVB3sBUgRFitbGLmrXW4?authuser=0&hl=fr&g_ep=EgoyMDI2MDkyMy4wIJJjKgBIAVAD&rclk=1
Cédric VERLUCCO,Concepteur de sites Web,"18 Av. Général Champon, 38000 Grenoble, France",Grenoble,http://www.developpeur-grenoble.fr/,+33 6 51 00 38 54,30,4.600000,https://www.google.com/maps/place/C%C3%A9dric+VERLUCCO/data=!4m7!3m6!1s0x478af4ecd04bbee1:0x87644dfbd43ee713!8m2!3d45.1810651!4d5.7315219!16s%2Fg%2F1hc0tdpqd!19sChIJ4b5L0Oz0ikcRE-c-1PtNZIc?authuser=0&hl=fr&g_ep=EgoyMDI2MDkyMy4wIJJjKgBIAVAD&rclk=1
COM&NET,Concepteur de sites Web,"12 Av. Jean Perrot, 38100 Grenoble, France",Grenoble,https://com-et-net.com/,+33 4 56 14 10 84,29,5.000000,https://www.google.com/maps/place/COM%26NET/data=!4m7!3m6!1s0x478af37ba27464fd:0xa86505f320538908!8m2!3d45.180821!4d5.7346343!16s%2Fg%2F11cspr4zfq!19sChIJ_WR0onvzikcRCIlTIPMFZag?authuser=0&hl=fr&g_ep=EgoyMDI2MDkyMy4wIJJjKgBIAVAD&rclk=1
Agence digitale Data Projekt,Concepteur de sites Web,"68 Av. des Vosges, 67000 Strasbourg, France",Strasbourg,https://www.data-projekt.fr/,+33 3 88 75 14 59,29,4.900000,https://www.google.com/maps/place/Agence+digitale+Data+Projekt/data=!4m7!3m6!1s0x4796c86c4b63bda1:0x962bb445298b0827!8m2!3d48.5907054!4d7.7480908!16s%2Fg%2F1tdj34hd!19sChIJob1jS2zIlkcRJwiLKUW0K5Y?authuser=0&hl=fr&g_ep=EgoyMDI2MDkyMy4wIJJjKgBIAVAD&rclk=1
DIGITIFY,Concepteur de sites Web,"333 A Rue du Doyen Georges Chapas, 69009 Lyon, France",Lyon,http://www.digitify.fr/,+33 7 45 80 14 12,28,5.000000,https://www.google.com/maps/place/DIGITIFY/data=!4m7!3m6!1s0x47f4ebed648d32bb:0x441e2d799b66663a!8m2!3d45.7904921!4d4.7999847!16s%2Fg%2F11pq3hx6xv!19sChIJuzKNZO3r9EcROmZmm3ktHkQ?authuser=0&hl=fr&g_ep=EgoyMDI2MDkyMy4wIJJjKgBIAVAD&rclk=1
Alexandre IONOFF,Concepteur de sites Web,"50 Quai Saint-Cyr, 35000 Rennes, France",Rennes,https://www.alexionoff.fr/,+33 6 75 15 20 04,28,4.600000,https://www.google.com/maps/place/Alexandre+IONOFF/data=!4m7!3m6!1s0x480edf0d7c10fff3:0x422cdeb485e7b6f3!8m2!3d48.1080267!4d-1.6915398!16s%2Fg%2F12jh80qyt!19sChIJ8_8QfA3fDkgR87bnhbTeLEI?authuser=0&hl=fr&g_ep=EgoyMDI2MDkyMy4wIJJjKgBIAVAD&rclk=1
Digitalille - Création de site internet,Concepteur de sites Web,"38 Bd Carnot Bur N° 3, 59000 Lille, France",Lille,https://digitalille.fr/,,27,5.000000,https://www.google.com/maps/place/Digitalille+-+Cr%C3%A9ation+de+site+internet/data=!4m7!3m6!1s0x47c2d5df37be32a9:0x883ac284c8f76b02!8m2!3d50.6392952!4d3.067514!16s%2Fg%2F11jg2fjxbg!19sChIJqTK-N9_VwkcRAmv3yITCOog?authuser=0&hl=fr&g_ep=EgoyMDI2MDkyMy4wIJJjKgBIAVAD&rclk=1
Seo des Alpes,Service de marketing Internet,"62 Rue Saint-Laurent, 38000 Grenoble, France",Grenoble,https://www.seo-des-alpes.net/,+33 6 26 82 88 81,27,4.900000,https://www.google.com/maps/place/Seo+des+Alpes/data=!4m7!3m6!1s0x478af50465423047:0xd2d58e8b29e8045a!8m2!3d45.1952566!4d5.7286602!16s%2Fg%2F11frnkrvzz!19sChIJRzBCZQT1ikcRWgToKYuO1dI?authuser=0&hl=fr&g_ep=EgoyMDI2MDkyMy4wIJJjKgBIAVAD&rclk=1
Churchill,Concepteur de sites Web,"40 Rue du Château d'Eau, 75010 Paris, France",Paris,https://www.agence-churchill.fr/?utm_source=google&utm_medium=gmb&utm_campaign=paris,+33 4 82 83 95 72,27,4.700000,https://www.google.com/maps/place/Churchill/data=!4m7!3m6!1s0x47e66e38ba6c9f81:0xe3874f5f29cdf14d!8m2!3d48.8711323!4d2.3592079!16s%2Fg%2F1tfkvmcj!19sChIJgZ9sujhu5kcRTfHNKV9Ph-M?authuser=0&hl=fr&g_ep=EgoyMDI2MDkyMy4wIJJjKgBIAVAD&rclk=1
AD / SUM,Concepteur de sites Web,"4 Rue Sala, 69002 Lyon, France",Lyon,https://ad-sum.com/,+33 6 20 57 73 33,26,5.000000,https://www.google.com/maps/place/AD+%2F+SUM/data=!4m7!3m6!1s0x47f4eb5e66b0c8e7:0xe9744d791e3e4c4c!8m2!3d45.7565407!4d4.8274258!16s%2Fg%2F11fd6gqc9x!19sChIJ58iwZl7r9EcRTEw-HnlNdOk?authuser=0&hl=fr&g_ep=EgoyMDI2MDkyMy4wIJJjKgBIAVAD&rclk=1
Agence SEO Lille,Concepteur de sites Web,,Lille,https://www.agence-seo-lille.fr/,,26,5.000000,https://www.google.com/maps/place/Agence+SEO+Lille/data=!4m7!3m6!1s0x47c2d58fe8f3b7b9:0x7eb6b7d26406ecb2!8m2!3d49.9631844!4d2.8180272!16s%2Fg%2F11mywldpx_!19sChIJubfz6I_VwkcRsuwGZNK3tn4?authuser=0&hl=fr&g_ep=EgoyMDI2MDkyMy4wIJJjKgBIAVAD&rclk=1
Staenk Agence Web 🚀 Marketing Digital à Lyon,Service de marketing Internet,"14 Rue des Balançoires, 69007 Lyon, France",Lyon,https://staenk.com/,+33 4 28 29 09 26,26,5.000000,https://www.google.com/maps/place/Staenk+Agence+Web+%F0%9F%9A%80+Marketing+Digital+%C3%A0+Lyon/data=!4m7!3m6!1s0x47f4eb705db007d9:0x14aec5cb19a546a9!8m2!3d45.7400436!4d4.8378106!16s%2Fg%2F11clt9ytqv!19sChIJ2QewXXDr9EcRqUalGcvFrhQ?authuser=0&hl=fr&g_ep=EgoyMDI2MDkyMy4wIJJjKgBIAVAD&rclk=1
Anthony Vidal,Concepteur de sites Web,"49 Rue Pasteur, 69300 Caluire-et-Cuire, France",Caluire-et-Cuire,https://anthony-vidal.com/,+33 6 30 88 00 44,26,4.800000,https://www.google.com/maps/place/Anthony+Vidal/data=!4m7!3m6!1s0x47f4eb26cdd6efef:0x48b28d9b31565aae!8m2!3d45.7892996!4d4.8398734!16s%2Fg%2F11f2ckycr8!19sChIJ7-_WzSbr9EcRrlpWMZuNskg?authuser=0&hl=fr&g_ep=EgoyMDI2MDkyMy4wIJJjKgBIAVAD&rclk=1
Useweb,Concepteur de sites Web,"17 Rue des Vaux Parés, 35510 Cesson-Sévigné, France",Cesson-Sévigné,https://www.useweb.fr/,+33 2 23 45 06 31,26,4.700000,https://www.google.com/maps/place/Useweb/data=!4m7!3m6!1s0x480ede5c06819189:0xf9e54ef9d663e0ed!8m2!3d48.1125111!4d-1.6262417!16s%2Fg%2F1tlc7gcv!19sChIJiZGBBlzeDkgR7eBj1vlO5fk?authuser=0&hl=fr&g_ep=EgoyMDI2MDkyMy4wIJJjKgBIAVAD&rclk=1
LINKWEB,Concepteur de sites Web,"44 Rue de Bayard, 31000 Toulouse, France",Toulouse,http://linkweb.fr/,+33 5 33 95 00 30,25,5.000000,https://www.google.com/maps/place/LINKWEB/data=!4m7!3m6!1s0x12aebb43d4c8a751:0xb4abc0044173017!8m2!3d43.6099559!4d1.4500768!16s%2Fg%2F11c2npkns0!19sChIJUafI1EO7rhIRFzAXRAC8Sgs?authuser=0&hl=fr&g_ep=EgoyMDI2MDkyMy4wIJJjKgBIAVAD&rclk=1
Rennes internet,Concepteur de sites Web,"28 Bd du Colombier, 35000 Rennes, France",Rennes,https://rennes-internet.com/,+33 7 49 86 90 08,25,5.000000,https://www.google.com/maps/place/Rennes+internet/data=!4m7!3m6!1s0x480ee1f40c9d59af:0x2fb4e7fa333b71bc!8m2!3d48.1030348!4d-1.6776297!16s%2Fg%2F11h31z34ff!19sChIJr1mdDPThDkgRvHE7M_rntC8?authuser=0&hl=fr&g_ep=EgoyMDI2MDkyMy4wIJJjKgBIAVAD&rclk=1
Fructiweb,Concepteur de sites Web,"11 Av. Paul Verlaine, 38100 Grenoble, France",Grenoble,https://fructiweb.com/,+33 9 86 42 52 22,25,4.900000,https://www.google.com/maps/place/Fructiweb/data=!4m7!3m6!1s0x478af45383b3836b:0xfffb503bbc329843!8m2!3d45.1629325!4d5.7141683!16s%2Fg%2F11b74jttk1!19sChIJa4Ozg1P0ikcRQ5gyvDtQ-_8?authuser=0&hl=fr&g_ep=EgoyMDI2MDkyMy4wIJJjKgBIAVAD&rclk=1
Advency - Toulouse,Concepteur de sites Web,"34 Rue du Languedoc, 31000 Toulouse, France",Toulouse,https://www.advency.fr/,,25,4.700000,https://www.google.com/maps/place/Advency+-+Toulouse/data=!4m7!3m6!1s0x12aebb5d0c4da409:0x8cb8c8b85799fb20!8m2!3d43.596958!4d1.445772!16s%2Fg%2F1261rg0_k!19sChIJCaRNDF27rhIRIPuZV7jIuIw?authuser=0&hl=fr&g_ep=EgoyMDI2MDkyMy4wIJJjKgBIAVAD&rclk=1
ZOL - Agence digitale Lyon,Concepteur de sites Web,"22 Rue Robert, 69006 Lyon, France",Lyon,http://www.zol.fr/,+33 4 28 29 52 36,25,4.700000,https://www.google.com/maps/place/ZOL+-+Agence+digitale+Lyon/data=!4m7!3m6!1s0x47f4ea560a3dea99:0x223f3bc9efc29162!8m2!3d45.7640854!4d4.8479703!16s%2Fg%2F1tvt9pxk!19sChIJmeo9Clbq9EcRYpHC78k7PyI?authuser=0&hl=fr&g_ep=EgoyMDI2MDkyMy4wIJJjKgBIAVAD&rclk=1
DCVO STUDIO,Concepteur de sites Web,"44 Bd de Strasbourg, 31000 Toulouse, France",Toulouse,https://dcvo.studio/,+33 6 45 04 99 47,24,5.000000,https://www.google.com/maps/place/DCVO+STUDIO/data=!4m7!3m6!1s0x12aea61175d976a9:0x7b92b0ffdc08d5a8!8m2!3d43.6090936!4d1.4456023!16s%2Fg%2F11b6j71syz!19sChIJqXbZdRGmrhIRqNUI3P-wkns?authuser=0&hl=fr&g_ep=EgoyMDI2MDkyMy4wIJJjKgBIAVAD&rclk=1
Florian Consultant SEO SEA Lyon,Service de marketing Internet,,Lyon,https://florianconsultantseosealyon.fr/,+33 6 59 52 16 69,24,5.000000,https://www.google.com/maps/place/Florian+Consultant+SEO+SEA+Lyon/data=!4m7!3m6!1s0x47f4eb1034b16e19:0xee34c7d7a05a0b54!8m2!3d30.6959409!4d-49.8171262!16s%2Fg%2F11h5s3rxbc!19sChIJGW6xNBDr9EcRVAtaoNfHNO4?authuser=0&hl=fr&g_ep=EgoyMDI2MDkyMy4wIJJjKgBIAVAD&rclk=1
Omnium,Concepteur de sites Web,"76 Quai de Bacalan, 33300 Bordeaux, France",Bordeaux,https://omnium-digital.fr/,+33 6 36 90 94 06,24,5.000000,https://www.google.com/maps/place/Omnium/data=!4m7!3m6!1s0xd55297d02c504d1:0xc5880745e0e5aa17!8m2!3d44.8599315!4d-0.5549599!16s%2Fg%2F11swk4jkhh!19sChIJ0QTFAn0pVQ0RF6rl4EUHiMU?authuser=0&hl=fr&g_ep=EgoyMDI2MDkyMy4wIJJjKgBIAVAD&rclk=1
Webylo,Service de marketing Internet,"8 Rue Albert Leenhardt, 34000 Montpellier, France",Montpellier,https://webylo.fr/,+33 4 11 93 47 02,24,4.700000,https://www.google.com/maps/place/Webylo/data=!4m7!3m6!1s0x12b6afc19b0ee03f:0x6a8c7d4ce355f58d!8m2!3d43.6041474!4d3.8768853!16s%2Fg%2F11c5xv9d71!19sChIJP-AOm8GvthIRjfVV40x9jGo?authuser=0&hl=fr&g_ep=EgoyMDI2MDkyMy4wIJJjKgBIAVAD&rclk=1
Kalélia,Concepteur de sites Web,"3 All. Susan Brownell Anthony, 44200 Nantes, France",Nantes,https://www.kalelia.fr/,+33 2 51 85 26 41,23,4.900000,https://www.google.com/maps/place/Kal%C3%A9lia/data=!4m7!3m6!1s0x4805ed62f43ba0df:0xc4b9a747fb82dde3!8m2!3d47.2037638!4d-1.5663448!16s%2Fg%2F11fm6qcy9g!19sChIJ36A79GLtBUgR492C-0enucQ?authuser=0&hl=fr&g_ep=EgoyMDI2MDkyMy4wIJJjKgBIAVAD&rclk=1
L'Agence Web Nantaise,Concepteur de sites Web,"144 Rue Paul Bellamy, 44000 Nantes, France",Nantes,https://www.lagencewebnantaise.com/,+33 2 53 35 11 67,22,5.000000,https://www.google.com/maps/place/L%27Agence+Web+Nantaise/data=!4m7!3m6!1s0x83de3fa096f4a47b:0xfa04dcdbcbf802c4!8m2!3d47.2290745!4d-1.5622055!16s%2Fg%2F11xcqjrbwh!19sChIJe6T0lqA_3oMRxAL4y9vcBPo?authuser=0&hl=fr&g_ep=EgoyMDI2MDkyMy4wIJJjKgBIAVAD&rclk=1
Osmova,Concepteur de sites Web,"1025 avenue Henri becquerel, 10 Parc Club du Millénaire Box 95, 34000 Montpellier, France",Montpellier,https://osmova.com/,,22,5.000000,https://www.google.com/maps/place/Osmova/data=!4m7!3m6!1s0x12b6af694329e245:0xe7ca63994edc1622!8m2!3d43.6100708!4d3.9173512!16s%2Fg%2F11fs_jrzkc!19sChIJReIpQ2mvthIRIhbcTpljyuc?authuser=0&hl=fr&g_ep=EgoyMDI2MDkyMy4wIJJjKgBIAVAD&rclk=1
Rank Forever - Agence SEO Strasbourg,Service de marketing Internet,"Pl. de l'Homme de Fer, 67000 Strasbourg, France",Strasbourg,https://www.agence-seo-strasbourg.net/,+33 3 67 72 99 83,22,5.000000,https://www.google.com/maps/place/Rank+Forever+-+Agence+SEO+Strasbourg/data=!4m7!3m6!1s0x4796c9a261d37bf7:0xfeebf2adcca33d23!8m2!3d48.5838474!4d7.7442807!16s%2Fg%2F11yggqgc62!19sChIJ93vTYaLJlkcRIz2jzK3y6_4?authuser=0&hl=fr&g_ep=EgoyMDI2MDkyMy4wIJJjKgBIAVAD&rclk=1
Webcore,Concepteur de sites Web,"12 Rue de la Part-Dieu, 69003 Lyon, France",Lyon,https://agence-webcore.com/,+33 7 56 86 00 94,22,5.000000,https://www.google.com/maps/place/Webcore/data=!4m7!3m6!1s0x2256d7ac705cd7ed:0xf522f5f8af166ad5!8m2!3d45.7590014!4d4.8419132!16s%2Fg%2F11txptn8hx!19sChIJ7ddccKzXViIR1WoWr_j1IvU?authuser=0&hl=fr&g_ep=EgoyMDI2MDkyMy4wIJJjKgBIAVAD&rclk=1
Agence LunaWeb,Concepteur de sites Web,"2 B Rue de la Huguenoterie, 35000 Rennes, France",Rennes,http://www.lunaweb.fr/,+33 2 53 35 50 60,22,4.700000,https://www.google.com/maps/place/Agence+LunaWeb/data=!4m7!3m6!1s0x480edfcb2d41e8dd:0x75a5a76b0e4d8095!8m2!3d48.1023709!4d-1.6949963!16s%2Fg%2F1tjyn36g!19sChIJ3ehBLcvfDkgRlYBNDmunpXU?authuser=0&hl=fr&g_ep=EgoyMDI2MDkyMy4wIJJjKgBIAVAD&rclk=1
Swiftflow | Création site internet & publicité,Concepteur de sites Web,"6 Rue de l'Ancienne Digue, 67100 Strasbourg, France",Strasbourg,https://www.swiftflow.fr/,+33 7 46 18 44 56,21,5.000000,https://www.google.com/maps/place/Swiftflow+%7C+Cr%C3%A9ation+site+internet+%26+publicit%C3%A9/data=!4m7!3m6!1s0xa1fd37d87171de0f:0x62a0382b3ea34106!8m2!3d48.5672433!4d7.7795042!16s%2Fg%2F11z91057s9!19sChIJD95xcdg3_aERBkGjPis4oGI?authuser=0&hl=fr&g_ep=EgoyMDI2MDkyMy4wIJJjKgBIAVAD&rclk=1
WEB STUDIOS - Création de site internet - Paris,Concepteur de sites Web,"6 Rue d'Armaillé, 75017 Paris, France",Paris,https://www.web-studios.fr/,+33 1 88 33 95 50,21,5.000000,https://www.google.com/maps/place/WEB+STUDIOS+-+Cr%C3%A9ation+de+site+internet+-+Paris/data=!4m7!3m6!1s0x47e66fad16d3239f:0xcd87f3b8531da2e0!8m2!3d48.8774806!4d2.2921965!16s%2Fg%2F11j79n3jrr!19sChIJnyPTFq1v5kcR4KIdU7jzh80?authuser=0&hl=fr&g_ep=EgoyMDI2MDkyMy4wIJJjKgBIAVAD&rclk=1
WebGazelle,Concepteur de sites Web,"50 Rue Paul Langevin, 35200 Rennes, France",Rennes,https://www.webgazelle.net/,+33 2 99 27 75 92,21,4.900000,https://www.google.com/maps/place/WebGazelle/data=!4m7!3m6!1s0x480edfa3f1a234ad:0xb7bf0280dda14b84!8m2!3d48.0927652!4d-1.6588245!16s%2Fg%2F11fylwc_bd!19sChIJrTSi8aPfDkgRhEuh3YACv7c?authuser=0&hl=fr&g_ep=EgoyMDI2MDkyMy4wIJJjKgBIAVAD&rclk=1
13 en Web,Concepteur de sites Web,"4 Trav. de la Marbrerie, 13008 Marseille, France",Marseille,https://13enweb.fr/,+33 6 33 55 91 44,20,5.000000,https://www.google.com/maps/place/13+en+Web/data=!4m7!3m6!1s0x12c9bf5a7880d68d:0x282c37553d8720ce!8m2!3d43.232909!4d5.3582189!16s%2Fg%2F11q_1jr8x7!19sChIJjdaAeFq_yRIRziCHPVU3LCg?authuser=0&hl=fr&g_ep=EgoyMDI2MDkyMy4wIJJjKgBIAVAD&rclk=1
Agence digitale Made in Bienne | Site internet & référencement SEO,Concepteur de sites Web,"5 Quai Saint-Jean, 67000 Strasbourg, France",Strasbourg,https://www.agence-webast.fr/?utm_source=Google&utm_medium=Organic&utm_campaign=GMB,+33 7 86 25 27 98,20,5.000000,https://www.google.com/maps/place/Agence+digitale+Made+in+Bienne+%7C+Site+internet+%26+r%C3%A9f%C3%A9rencement+SEO/data=!4m7!3m6!1s0x4796e73f53cacbe5:0x30e203002e10e721!8m2!3d48.5830339!4d7.7381596!16s%2Fg%2F11hnyymqdp!19sChIJ5cvKUz_nlkcRIecQLgAD4jA?authuser=0&hl=fr&g_ep=EgoyMDI2MDkyMy4wIJJjKgBIAVAD&rclk=1
Agence SEO Nice,Service de marketing Internet,"6 Bis Av. Durante, 06000 Nice, France",Nice,https://www.agence-seo-nice.fr/,+33 4 22 61 91 73,20,5.000000,https://www.google.com/maps/place/Agence+SEO+Nice/data=!4m7!3m6!1s0x12cdd159b1ccae07:0x47aa44ac99e0d854!8m2!3d43.7020026!4d7.2626892!16s%2Fg%2F11xmm7dvy8!19sChIJB67MsVnRzRIRVNjgmaxEqkc?authuser=0&hl=fr&g_ep=EgoyMDI2MDkyMy4wIJJjKgBIAVAD&rclk=1
Création site internet Marseille - High Agency,Concepteur de sites Web,,Marseille,https://high-agency.fr/,+33 6 67 98 39 21,20,5.000000,https://www.google.com/maps/place/Cr%C3%A9ation+site+internet+Marseille+-+High+Agency/data=!4m7!3m6!1s0x12c9c1f283492091:0x71f97bfb9ced0fd6!8m2!3d43.3978056!4d5.3806472!16s%2Fg%2F11lcgwz1jq!19sChIJkSBJg_LByRIR1g_tnPt7-XE?authuser=0&hl=fr&g_ep=EgoyMDI2MDkyMy4wIJJjKgBIAVAD&rclk=1
Levupp,Concepteur de sites Web,"16 Rue Grignan, 13001 Marseille, France",Marseille,http://www.levupp.com/,,20,5.000000,https://www.google.com/maps/place/Levupp/data=!4m7!3m6!1s0x12c9c184c0169061:0x359f174410b3f027!8m2!3d43.2926091!4d5.3784353!16s%2Fg%2F11lt016508!19sChIJYZAWwITByRIRJ_CzEEQXnzU?authuser=0&hl=fr&g_ep=EgoyMDI2MDkyMy4wIJJjKgBIAVAD&rclk=1
Mink - agence web et IA à Bordeaux,Concepteur de sites Web,"90 Cr de Verdun, 33000 Bordeaux, France",Bordeaux,https://mink-agency.com/,+33 5 23 53 14 89,20,5.000000,https://www.google.com/maps/place/Mink+-+agence+web+et+IA+%C3%A0+Bordeaux/data=!4m7!3m6!1s0xd54d8815c12d61b:0xfb007bf1dfb96cde!8m2!3d44.8501787!4d-0.574393!16s%2Fg%2F11clzfy6br!19sChIJG9YSXIHYVA0R3my53_F7APs?authuser=0&hl=fr&g_ep=EgoyMDI2MDkyMy4wIJJjKgBIAVAD&rclk=1
ON WEB DESIGN,Concepteur de sites Web,"70 Bd de la Liberté, 59800 Lille, France",Lille,https://www.onwebdesign.fr/,+33 3 74 47 03 53,20,5.000000,https://www.google.com/maps/place/ON+WEB+DESIGN/data=!4m7!3m6!1s0x47c32b716c3fd811:0xb3f4b916bee1be9e!8m2!3d50.6338662!4d3.0575146!16s%2Fg%2F11q22c_qhf!19sChIJEdg_bHErw0cRnr7hvha59LM?authuser=0&hl=fr&g_ep=EgoyMDI2MDkyMy4wIJJjKgBIAVAD&rclk=1
Digitalkeys Paris,Service de marketing Internet,"115 Rue d'Aboukir, 75002 Paris, France",Paris,https://agencedemarketing.com/,+33 1 80 18 28 80,20,4.800000,https://www.google.com/maps/place/Digitalkeys+Paris/data=!4m7!3m6!1s0x47e66e0fd58757af:0xdde60a0a4690a5d0!8m2!3d48.8687261!4d2.3497309!16s%2Fg%2F1hjgjt25m!19sChIJr1eH1Q9u5kcR0KWQRgoK5t0?authuser=0&hl=fr&g_ep=EgoyMDI2MDkyMy4wIJJjKgBIAVAD&rclk=1
TerreWeb,Concepteur de sites Web,"217 Bd Chave, 13004 Marseille, France",Marseille,http://terre-web.com/,+33 7 58 03 12 99,19,5.000000,https://www.google.com/maps/place/TerreWeb/data=!4m7!3m6!1s0x12c9bfcc8f021e13:0x528f11ad3e218317!8m2!3d43.295945!4d5.4005859!16s%2Fg%2F11pv2_bz9b!19sChIJEx4Cj8y_yRIRF4MhPq0Rj1I?authuser=0&hl=fr&g_ep=EgoyMDI2MDkyMy4wIJJjKgBIAVAD&rclk=1
Thémis Créa - Création site internet Nice,Concepteur de sites Web,"7 Bd de Riquier, 06300 Nice, France",Nice,https://themis-crea.com/creation-site-internet/,+33 6 08 66 14 80,19,5.000000,https://www.google.com/maps/place/Th%C3%A9mis+Cr%C3%A9a+-+Cr%C3%A9ation+site+internet+Nice/data=!4m7!3m6!1s0x12cddab8e6337149:0x42fb5f916f77ae17!8m2!3d43.701231!4d7.2878995!16s%2Fg%2F1pxw8d22j!19sChIJSXEz5rjazRIRF653b5Ff-0I?authuser=0&hl=fr&g_ep=EgoyMDI2MDkyMy4wIJJjKgBIAVAD&rclk=1
Visual Web Click,Concepteur de sites Web,"25 Rue Waldeck Rousseau, 35700 Rennes, France",Rennes,https://visualwebclick.com/agences/ille-et-vilaine/creation-site-internet-rennes/,+33 7 57 94 77 21,19,4.800000,https://www.google.com/maps/place/Visual+Web+Click/data=!4m7!3m6!1s0x480edf5ae37a9e0b:0xa925da6f63a42f2c!8m2!3d48.1174433!4d-1.6647445!16s%2Fg%2F11rcsr76pz!19sChIJC55641rfDkgRLC-kY2_aJak?authuser=0&hl=fr&g_ep=EgoyMDI2MDkyMy4wIJJjKgBIAVAD&rclk=1
Clikeo,Concepteur de sites Web,"5 Rue Deparcieux, 75014 Paris, France",Paris,https://www.clikeo.fr/,+33 1 83 62 14 66,19,4.700000,https://www.google.com/maps/place/Clikeo/data=!4m7!3m6!1s0x47e66e10bf3b902b:0xfed42bfdf3d0b1ba!8m2!3d48.8361169!4d2.3265882!16s%2Fg%2F1tt0qfcb!19sChIJK5A7vxBu5kcRurHQ8_0r1P4?authuser=0&hl=fr&g_ep=EgoyMDI2MDkyMy4wIJJjKgBIAVAD&rclk=1
Studio Meta,Concepteur de sites Web,"5 Av. de la Marseillaise, 67000 Strasbourg, France",Strasbourg,https://www.studiometa.fr/,+33 6 43 30 97 04,19,4.700000,https://www.google.com/maps/place/Studio+Meta/data=!4m7!3m6!1s0x4796c91a35092c7f:0xe6779c7447ea5b85!8m2!3d48.5854355!4d7.7564276!16s%2Fg%2F11b6dq2222!19sChIJfywJNRrJlkcRhVvqR3Scd-Y?authuser=0&hl=fr&g_ep=EgoyMDI2MDkyMy4wIJJjKgBIAVAD&rclk=1
Agence Panto,Concepteur de sites Web,,,https://agencepanto.fr/,+33 7 82 75 16 10,18,5.000000,https://www.google.com/maps/place/Agence+Panto/data=!4m7!3m6!1s0xa6fe7be644db19b7:0xc3ca04dc0079e1e1!8m2!3d30.6959409!4d-49.8171262!16s%2Fg%2F11zbn_fqxf!19sChIJtxnbROZ7_qYR4eF5ANwEysM?authuser=0&hl=fr&g_ep=EgoyMDI2MDkyMy4wIJJjKgBIAVAD&rclk=1
Création site internet Marseille - Agence Boosteo,Concepteur de sites Web,"24 Av. du Prado, 13006 Marseille, France",Marseille,https://boosteo-marseille.fr/,+33 4 84 89 69 40,18,5.000000,https://www.google.com/maps/place/Cr%C3%A9ation+site+internet+Marseille+-+Agence+Boosteo/data=!4m7!3m6!1s0x12aebbc6531eecdf:0x5903f89785b9a325!8m2!3d43.2841406!4d5.3843502!16s%2Fg%2F11spmn0t97!19sChIJ3-weU8a7rhIRJaO5hZf4A1k?authuser=0&hl=fr&g_ep=EgoyMDI2MDkyMy4wIJJjKgBIAVAD&rclk=1
3wConsult,Concepteur de sites Web,"15 Pl. du Président Thomas Wilson, 31000 Toulouse, France",Toulouse,https://3wconsult.com/,,18,4.900000,https://www.google.com/maps/place/3wConsult/data=!4m7!3m6!1s0x12ae82a89512b113:0x794196f1d9dae671!8m2!3d43.6053628!4d1.4470478!16s%2Fg%2F1ptwp6t2z!19sChIJE7ESlaiCrhIRceba2fGWQXk?authuser=0&hl=fr&g_ep=EgoyMDI2MDkyMy4wIJJjKgBIAVAD&rclk=1
KAÏLIMER - agence WordPress & SEO,Concepteur de sites Web,"4 Rue de la République, 69001 Lyon, France",Lyon,https://kailimer.com/?utm_source=gmb,+33 6 68 56 45 62,18,4.900000,https://www.google.com/maps/place/KA%C3%8FLIMER+-+agence+WordPress+%26+SEO/data=!4m7!3m6!1s0x47f4eb9b68436de3:0x310c58e42184f980!8m2!3d45.766847!4d4.835801!16s%2Fg%2F11whm28688!19sChIJ421DaJvr9EcRgPmEIeRYDDE?authuser=0&hl=fr&g_ep=EgoyMDI2MDkyMy4wIJJjKgBIAVAD&rclk=1
Mezcalito,Concepteur de sites Web,"32 All. Henri Frenay, 38000 Grenoble, France",Grenoble,https://www.mezcalito.fr/,+33 4 76 01 03 91,18,4.900000,https://www.google.com/maps/place/Mezcalito/data=!4m7!3m6!1s0x478af48c4a7a6ae1:0x96e030f4e1ed73cd!8m2!3d45.1825707!4d5.7233641!16s%2Fg%2F1tfd5w22!19sChIJ4Wp6Soz0ikcRzXPt4fQw4JY?authuser=0&hl=fr&g_ep=EgoyMDI2MDkyMy4wIJJjKgBIAVAD&rclk=1
Actency,Concepteur de sites Web,"32 Rue du Bass. d'Austerlitz, 67100 Strasbourg, France",Strasbourg,http://www.actency.fr/,+33 3 88 45 30 60,18,4.800000,https://www.google.com/maps/place/Actency/data=!4m7!3m6!1s0x4796c9a8400c3001:0x12f6a42ad22f5c34!8m2!3d48.5740649!4d7.7644888!16s%2Fg%2F1vxvgt9q!19sChIJATAMQKjJlkcRNFwv0iqk9hI?authuser=0&hl=fr&g_ep=EgoyMDI2MDkyMy4wIJJjKgBIAVAD&rclk=1
Vert Caméléon,Concepteur de sites Web,"31 Rue Gustave Eiffel, 38000 Grenoble, France",Grenoble,https://vertcameleon.fr/,+33 6 68 27 00 68,18,4.700000,https://www.google.com/maps/place/Vert+Cam%C3%A9l%C3%A9on/data=!4m7!3m6!1s0x478af48db4f4d67d:0x4ab800682c7262ee!8m2!3d45.1839161!4d5.7035031!16s%2Fg%2F11gdtybbdn!19sChIJfdb0tI30ikcR7mJyLGgAuEo?authuser=0&hl=fr&g_ep=EgoyMDI2MDkyMy4wIJJjKgBIAVAD&rclk=1
01Mars,Concepteur de sites Web,"84 Rue du Maréchal Joffre, 06000 Nice, France",Nice,https://01mars.com/,+33 4 93 80 32 12,17,4.900000,https://www.google.com/maps/place/01Mars/data=!4m7!3m6!1s0x12cdd00cf24b6261:0xc41f47bf6da55d06!8m2!3d43.6972395!4d7.2574951!16s%2Fg%2F11f3mb5hfc!19sChIJYWJL8gzQzRIRBl2lbb9HH8Q?authuser=0&hl=fr&g_ep=EgoyMDI2MDkyMy4wIJJjKgBIAVAD&rclk=1
MyCréateurdeSite,Concepteur de sites Web,"22 Rue des Lices, 13007 Marseille, France",Marseille,https://www.mycreateurdesite.fr/,+33 6 77 31 40 48,17,4.800000,https://www.google.com/maps/place/MyCr%C3%A9ateurdeSite/data=!4m7!3m6!1s0x12c9c1404b0f18d7:0xe8c8ad5a165737!8m2!3d43.2894418!4d5.3678875!16s%2Fg%2F11c6c8xl0b!19sChIJ1xgPS0DByRIRN1cWWq3I6AA?authuser=0&hl=fr&g_ep=EgoyMDI2MDkyMy4wIJJjKgBIAVAD&rclk=1
Agence SEO Marseille,Service de marketing Internet,"10 Rue Breteuil, 13001 Marseille, France",Marseille,https://www.agence-seo-marseille.net/,+33 4 65 41 90 40,16,5.000000,https://www.google.com/maps/place/Agence+SEO+Marseille/data=!4m7!3m6!1s0x12c9c14070c1b919:0xb3ae05c8c179cc3e!8m2!3d43.2922824!4d5.374926!16s%2Fg%2F11xgq1gt1y!19sChIJGbnBcEDByRIRPsx5wcgFrrM?authuser=0&hl=fr&g_ep=EgoyMDI2MDkyMy4wIJJjKgBIAVAD&rclk=1
Agence SEO Nantes,Service de marketing Internet,"Rue Santeuil, 44000 Nantes, France",Nantes,https://www.agence-seo-nantes.net/,+33 2 55 02 76 36,16,4.900000,https://www.google.com/maps/place/Agence+SEO+Nantes/data=!4m7!3m6!1s0x4805edac5142c6bb:0xbe6d6bfd99425de2!8m2!3d47.2130803!4d-1.560354!16s%2Fg%2F11xmkppk0_!19sChIJu8ZCUaztBUgR4l1Cmf1rbb4?authuser=0&hl=fr&g_ep=EgoyMDI2MDkyMy4wIJJjKgBIAVAD&rclk=1
L'agence123,Concepteur de sites Web,"40 Allées d'Orléans, 33000 Bordeaux, France",Bordeaux,https://www.lagence123.com/,+33 5 35 54 92 05,16,4.900000,https://www.google.com/maps/place/L%27agence123/data=!4m7!3m6!1s0xd55264e980621d9:0xe5bc90de8adf302b!8m2!3d44.8436309!4d-0.5737367!16s%2Fg%2F11c6dxy1p_!19sChIJ2SEGmE4mVQ0RKzDfit6QvOU?authuser=0&hl=fr&g_ep=EgoyMDI2MDkyMy4wIJJjKgBIAVAD&rclk=1
WOOZUP,Service de marketing Internet,"2 Rue des Hallebardes, 67000 Strasbourg, France",Strasbourg,https://www.woozup.com/?utm_source=google&utm_medium=organic&utm_campaign=gbp_woozup_strasbourg&utm_content=lien_principal,+33 3 67 10 00 12,16,4.800000,https://www.google.com/maps/place/WOOZUP/data=!4m7!3m6!1s0x4796b7d994fe9497:0xba38fbe183c89af5!8m2!3d48.58155!4d7.7489964!16s%2Fg%2F11fm5z3btg!19sChIJl5T-lNm3lkcR9ZrIg-H7OLo?authuser=0&hl=fr&g_ep=EgoyMDI2MDkyMy4wIJJjKgBIAVAD&rclk=1
Astroweb - Création de site web à Marseille,Concepteur de sites Web,"8 Rue Mazagran, 13001 Marseille, France",Marseille,https://astrowebdesign.fr/,+33 7 82 31 32 31,15,5.000000,https://www.google.com/maps/place/Astroweb+-+Cr%C3%A9ation+de+site+web+%C3%A0+Marseille/data=!4m7!3m6!1s0x8fdbea0c2dfa0c05:0x1b4e8d58cce3eb06!8m2!3d43.297005!4d5.3820068!16s%2Fg%2F11mdt4l7rz!19sChIJBQz6LQzq248RBuvjzFiNThs?authuser=0&hl=fr&g_ep=EgoyMDI2MDkyMy4wIJJjKgBIAVAD&rclk=1
Lille Web,Concepteur de sites Web,"46 Rue Négrier, 59800 Lille, France",Lille,https://lille-web.fr/,+33 6 71 11 47 69,15,5.000000,https://www.google.com/maps/place/Lille+Web/data=!4m7!3m6!1s0x6c7f674f5ee09047:0xb5c689c6e071a391!8m2!3d50.6419235!4d3.0554071!16s%2Fg%2F11shkbtq3p!19sChIJR5DgXk9nf2wRkaNx4MaJxrU?authuser=0&hl=fr&g_ep=EgoyMDI2MDkyMy4wIJJjKgBIAVAD&rclk=1
QUAI 13,Concepteur de sites Web,"9 Rue Jean François Leca, 13002 Marseille, France",Marseille,https://www.quai13.com/,+33 4 91 13 73 20,15,5.000000,https://www.google.com/maps/place/QUAI+13/data=!4m7!3m6!1s0x12c9c1df5d26fe89:0x47d7222722f50068!8m2!3d43.3015496!4d5.3683359!16s%2Fg%2F1tm6tn_r!19sChIJif4mXd_ByRIRaAD1Iici10c?authuser=0&hl=fr&g_ep=EgoyMDI2MDkyMy4wIJJjKgBIAVAD&rclk=1
Web d'Impact,Concepteur de sites Web,"15 Av. de la Gloire, 31500 Toulouse, France",Toulouse,https://webdimpact.com/,+33 6 52 33 99 98,15,5.000000,https://www.google.com/maps/place/Web+d%27Impact/data=!4m7!3m6!1s0x12aebd5fb189de23:0xbd5c539474e61f3c!8m2!3d43.605585!4d1.4587233!16s%2Fg%2F11swd2jycv!19sChIJI96JsV-9rhIRPB_mdJRTXL0?authuser=0&hl=fr&g_ep=EgoyMDI2MDkyMy4wIJJjKgBIAVAD&rclk=1
Agence SEO Rennes,Service de marketing Internet,"81 Mail François Mitterrand, 35000 Rennes, France",Rennes,https://www.agence-seo-rennes.fr/,+33 2 55 02 75 12,14,5.000000,https://www.google.com/maps/place/Agence+SEO+Rennes/data=!4m7!3m6!1s0x480edf05c423d39f:0xeae2c920da1b4da7!8m2!3d48.1084803!4d-1.6923843!16s%2Fg%2F11xmktgp28!19sChIJn9MjxAXfDkgRp00b2iDJ4uo?authuser=0&hl=fr&g_ep=EgoyMDI2MDkyMy4wIJJjKgBIAVAD&rclk=1
Be BOLD,Concepteur de sites Web,"Héliocentre, 104 Rue de Hochfelden, 67200 Strasbourg, France",Strasbourg,https://www.be-bold.fr/,+33 3 67 10 39 50,14,5.000000,https://www.google.com/maps/place/Be+BOLD/data=!4m7!3m6!1s0x4796b7d7960628bb:0x8143f695b02c94c6!8m2!3d48.6027039!4d7.722578!16s%2Fg%2F12hz991g4!19sChIJuygGlte3lkcRxpQssJX2Q4E?authuser=0&hl=fr&g_ep=EgoyMDI2MDkyMy4wIJJjKgBIAVAD&rclk=1
Les Frères Salamon,Service de marketing Internet,"2 Rue Barberousse, 59800 Lille, France",Lille,http://www.lesfreressalamon.com/,+33 9 73 26 49 23,14,5.000000,https://www.google.com/maps/place/Les+Fr%C3%A8res+Salamon/data=!4m7!3m6!1s0x47c2d5f1fcc925bf:0xc8f851e3b7199277!8m2!3d50.6524487!4d3.0881063!16s%2Fg%2F11pzklfjbr!19sChIJvyXJ_PHVwkcRd5IZt-NR-Mg?authuser=0&hl=fr&g_ep=EgoyMDI2MDkyMy4wIJJjKgBIAVAD&rclk=1
Marq Agency,Concepteur de sites Web,"229 Rue Solférino, 59000 Lille, France",Lille,https://www.marq-agency.com/,+33 3 62 02 13 11,14,5.000000,https://www.google.com/maps/place/Marq+Agency/data=!4m7!3m6!1s0x47dc8c86dd75ac43:0xabc80696755ed138!8m2!3d50.6271079!4d3.062945!16s%2Fg%2F11hbk5y391!19sChIJQ6x13YaM3EcRONFedZYGyKs?authuser=0&hl=fr&g_ep=EgoyMDI2MDkyMy4wIJJjKgBIAVAD&rclk=1
Morgane Marie - Freelance création de site web optimisé SEO,Concepteur de sites Web,,,https://www.morganemarie.com/,,14,5.000000,https://www.google.com/maps/place/Morgane+Marie+-+Freelance+cr%C3%A9ation+de+site+web+optimis%C3%A9+SEO/data=!4m7!3m6!1s0x47f4eba1018d7f9b:0x9038afeefa8bbb1b!8m2!3d30.6959409!4d-49.8171262!16s%2Fg%2F11ng761zzn!19sChIJm3-NAaHr9EcRG7uL-u6vOJA?authuser=0&hl=fr&g_ep=EgoyMDI2MDkyMy4wIJJjKgBIAVAD&rclk=1
Emeka,Concepteur de sites Web,"124 Rue de Crimée, 13003 Marseille, France",Marseille,https://emeka.fr/,+33 7 69 81 86 82,14,4.900000,https://www.google.com/maps/place/Emeka/data=!4m7!3m6!1s0x12c9c091eb04a927:0x6e63df69e21f6273!8m2!3d43.308235!4d5.379519!16s%2Fg%2F11f4lkwd62!19sChIJJ6kE65HAyRIRc2If4mnfY24?authuser=0&hl=fr&g_ep=EgoyMDI2MDkyMy4wIJJjKgBIAVAD&rclk=1
Digiwy,Service de marketing Internet,"6 Rue Victor Hugo, 35000 Rennes, France",Rennes,http://digiwy.com/,+33 7 80 91 47 00,12,5.000000,https://www.google.com/maps/place/Digiwy/data=!4m7!3m6!1s0x480ee030ce7f5ce9:0xc9c44f608d99f2b5!8m2!3d48.1123078!4d-1.6765045!16s%2Fg%2F1tf9mn71!19sChIJ6Vx_zjDgDkgRtfKZjWBPxMk?authuser=0&hl=fr&g_ep=EgoyMDI2MDkyMy4wIJJjKgBIAVAD&rclk=1
Webcover,Concepteur de sites Web,"9 Bd d'Anvers, 67000 Strasbourg, France",Strasbourg,https://webcover.fr/,,12,5.000000,https://www.google.com/maps/place/Webcover/data=!4m7!3m6!1s0x4796c929408d49a5:0x325dc1e23aaf31ee!8m2!3d48.5870704!4d7.7707181!16s%2Fg%2F11rmp2cx3g!19sChIJpUmNQCnJlkcR7jGvOuLBXTI?authuser=0&hl=fr&g_ep=EgoyMDI2MDkyMy4wIJJjKgBIAVAD&rclk=1
Jalousie Agency - Agence SEO Paris,Service de marketing Internet,"8 Cité de l'Alma, 75007 Paris, France",Paris,https://www.jalousie.agency/,+33 7 56 88 11 33,11,5.000000,https://www.google.com/maps/place/Jalousie+Agency+-+Agence+SEO+Paris/data=!4m7!3m6!1s0x47e66fb6c723734d:0x6a3c00ece9f75bec!8m2!3d48.8607323!4d2.3015411!16s%2Fg%2F11xyfzq_m1!19sChIJTXMjx7Zv5kcR7Fv36ewAPGo?authuser=0&hl=fr&g_ep=EgoyMDI2MDkyMy4wIJJjKgBIAVAD&rclk=1
Agence SEO Bordeaux - Stratorank,Concepteur de sites Web,,Bordeaux,https://www.agence-seo-bordeaux.net/,+33 5 54 13 84 40,10,5.000000,https://www.google.com/maps/place/Agence+SEO+Bordeaux+-+Stratorank/data=!4m7!3m6!1s0x4c9926494780b8d9:0x6c6383a44caaf286!8m2!3d44.8330508!4d-0.6157791!16s%2Fg%2F11yqzs1xs8!19sChIJ2biAR0kmmUwRhvKqTKSDY2w?authuser=0&hl=fr&g_ep=EgoyMDI2MDkyMy4wIJJjKgBIAVAD&rclk=1
SPATIONAUTE.IO,Concepteur de sites Web,"25 Rue Jean Mermoz, 33800 Bordeaux, France",Bordeaux,https://spationaute.io/,,10,5.000000,https://www.google.com/maps/place/SPATIONAUTE.IO/data=!4m7!3m6!1s0xd5527b249e7c3b5:0x95c7cd9436155f75!8m2!3d44.8176924!4d-0.5734595!16s%2Fg%2F11gfgvhwz4!19sChIJtcPnSbInVQ0RdV8VNpTNx5U?authuser=0&hl=fr&g_ep=EgoyMDI2MDkyMy4wIJJjKgBIAVAD&rclk=1
Sōcreativ* | Agence de communication Bordeaux,Concepteur de sites Web,"NOW co-working Hangar, 15 Quai des Chartrons, 33300 Bordeaux, France",Bordeaux,https://socreativ.com/,+33 5 54 54 80 08,10,5.000000,https://www.google.com/maps/place/S%C5%8Dcreativ*+%7C+Agence+de+communication+Bordeaux/data=!4m7!3m6!1s0xd5527c35f249d1d:0x5c82471e989e5e2!8m2!3d44.8557448!4d-0.5629541!16s%2Fg%2F12hqg1b0b!19sChIJHZ0kX8MnVQ0R4uWJ6XEkyAU?authuser=0&hl=fr&g_ep=EgoyMDI2MDkyMy4wIJJjKgBIAVAD&rclk=1
l'agence Web One Com,Concepteur de sites Web,"57 Rue du Faubourg Poissonnière, 75009 Paris, France",Paris,http://one-com.fr/,+33 9 50 88 05 55,9,5.000000,https://www.google.com/maps/place/l%27agence+Web+One+Com/data=!4m7!3m6!1s0x47e66e16323c5d8d:0x5cae8b27be40ad11!8m2!3d48.8748612!4d2.3479103!16s%2Fg%2F11cm7_mrjm!19sChIJjV08MhZu5kcREa1AvieLrlw?authuser=0&hl=fr&g_ep=EgoyMDI2MDkyMy4wIJJjKgBIAVAD&rclk=1
Agence web Nice | Wecade France,Concepteur de sites Web,,Nice,http://wecade.fr/,+33 7 83 02 30 12,9,4.600000,https://www.google.com/maps/place/Agence+web+Nice+%7C+Wecade+France/data=!4m7!3m6!1s0x12cddb048259db15:0x40e73ef84b7ff91b!8m2!3d44.0544368!4d5.9746044!16s%2Fg%2F11qsqj1d8l!19sChIJFdtZggTbzRIRG_l_S_g-50A?authuser=0&hl=fr&g_ep=EgoyMDI2MDkyMy4wIJJjKgBIAVAD&rclk=1
Digital agence,Concepteur de sites Web,"4 Rue de l'Armorique, 75015 Paris, France",Paris,https://digitalagence.fr/,+33 6 03 70 35 09,8,5.000000,https://www.google.com/maps/place/Digital+agence/data=!4m7!3m6!1s0x47e671375f072949:0xc60759bb91a78f33!8m2!3d48.8400507!4d2.3145635!16s%2Fg%2F11nc4b815d!19sChIJSSkHXzdx5kcRM4-nkbtZB8Y?authuser=0&hl=fr&g_ep=EgoyMDI2MDkyMy4wIJJjKgBIAVAD&rclk=1
MR agence web,Concepteur de sites Web,"68 Rue des Grands Moulins, 75013 Paris, France",Paris,https://mragenceweb.fr/,+33 6 68 16 88 81,8,5.000000,https://www.google.com/maps/place/MR+agence+web/data=!4m7!3m6!1s0x47e673663b54ef0f:0x9cf314f68f76c95c!8m2!3d48.8275158!4d2.3757161!16s%2Fg%2F11n44wqh62!19sChIJD-9UO2Zz5kcRXMl2j_YU85w?authuser=0&hl=fr&g_ep=EgoyMDI2MDkyMy4wIJJjKgBIAVAD&rclk=1
NowaBuzz – Agence SEO Paris 17,Service de marketing Internet,"6 Rue d'Armaillé, 75017 Paris, France",Paris,https://www.nowabuzz.fr/,+33 1 85 15 76 10,8,5.000000,https://www.google.com/maps/place/NowaBuzz+%E2%80%93+Agence+SEO+Paris+17/data=!4m7!3m6!1s0x47e66fdc4fe2defb:0x78fd84a8654f398d!8m2!3d48.8774828!4d2.2921401!16s%2Fg%2F11mr_y31p1!19sChIJ-97iT9xv5kcRjTlPZaiE_Xg?authuser=0&hl=fr&g_ep=EgoyMDI2MDkyMy4wIJJjKgBIAVAD&rclk=1
Follow Éditions – Agence SEO Lyon,Service de marketing Internet,"254 Rue Vendôme, 69003 Lyon, France",Lyon,https://follow-editions.com/,+33 6 20 20 22 06,7,5.000000,https://www.google.com/maps/place/Follow+%C3%89ditions+%E2%80%93+Agence+SEO+Lyon/data=!4m7!3m6!1s0x47f4ebf1759295e5:0xb91450de961e70c5!8m2!3d45.757255!4d4.8470156!16s%2Fg%2F11yqwhs4zg!19sChIJ5ZWSdfHr9EcRxXAelt5QFLk?authuser=0&hl=fr&g_ep=EgoyMDI2MDkyMy4wIJJjKgBIAVAD&rclk=1
La Bonne Agence,Concepteur de sites Web,"8 Rue Jean Prévost, 38000 Grenoble, France",Grenoble,http://www.labonneagence.com/,+33 4 38 12 09 25,7,5.000000,https://www.google.com/maps/place/La+Bonne+Agence/data=!4m7!3m6!1s0x478af37cb2bd2707:0xce5e1a6effd54911!8m2!3d45.1838839!4d5.7163072!16s%2Fg%2F1tksgpj6!19sChIJBye9snzzikcREUnV_24aXs4?authuser=0&hl=fr&g_ep=EgoyMDI2MDkyMy4wIJJjKgBIAVAD&rclk=1
La Station Digital,Concepteur de sites Web,"27 Av. Gaston Berger, 35000 Rennes, France",Rennes,https://lastationdigital.fr/,+33 6 37 17 46 17,7,4.900000,https://www.google.com/maps/place/La+Station+Digital/data=!4m7!3m6!1s0x480ee169db6999d5:0x660ebfe6d7aa5311!8m2!3d48.119128!4d-1.7051265!16s%2Fg%2F11y7d3dkct!19sChIJ1Zlp22nhDkgREVOq1-a_DmY?authuser=0&hl=fr&g_ep=EgoyMDI2MDkyMy4wIJJjKgBIAVAD&rclk=1
Création site web Marseille 🖥️ SEO Web Design,Concepteur de sites Web,"213 Av. des Caillols, 13012 Marseille, France",Marseille,https://www.fast-website.com/,+33 7 49 27 68 41,6,5.000000,https://www.google.com/maps/place/Cr%C3%A9ation+site+web+Marseille+%F0%9F%96%A5%EF%B8%8F+SEO+Web+Design/data=!4m7!3m6!1s0x12c9bff497faf3e5:0xeb2bd80c27453d5c!8m2!3d43.3034593!4d5.4430853!16s%2Fg%2F11wq7xw5c_!19sChIJ5fP6l_S_yRIRXD1FJwzYK-s?authuser=0&hl=fr&g_ep=EgoyMDI2MDkyMy4wIJJjKgBIAVAD&rclk=1
Kamui communication - Création de sites web et communication 360,Concepteur de sites Web,,,https://www.kamuicommunication.fr/,,4,5.000000,https://www.google.com/maps/place/Kamui+communication+-+Cr%C3%A9ation+de+sites+web+et+communication+360/data=!4m7!3m6!1s0x266ea197c1a48a2f:0xbca81090c3c7db06!8m2!3d30.6959409!4d-49.8171262!16s%2Fg%2F11mktwfj37!19sChIJL4qkwZehbiYRBtvHw5AQqLw?authuser=0&hl=fr&g_ep=EgoyMDI2MDkyMy4wIJJjKgBIAVAD&rclk=1
DIGITALE AGENCE,Concepteur de sites Web,"98 Rue du Président Édouard Herriot, 69002 Lyon, France",Lyon,https://www.digitaleagence.com/,+33 7 80 91 38 38,4,4.000000,https://www.google.com/maps/place/DIGITALE+AGENCE/data=!4m7!3m6!1s0x47f4ebadcc711a43:0x1529a58e23c2f4e1!8m2!3d45.759076!4d4.8337331!16s%2Fg%2F11j4ycfh1w!19sChIJQxpxzK3r9EcR4fTCI46lKRU?authuser=0&hl=fr&g_ep=EgoyMDI2MDkyMy4wIJJjKgBIAVAD&rclk=1
ACCO LAB | Création de Site Web,Concepteur de sites Web,"47 Rue Vivienne, 75002 Paris, France",Paris,https://acco-lab.fr/,+33 7 56 85 74 21,3,5.000000,https://www.google.com/maps/place/ACCO+LAB+%7C+Cr%C3%A9ation+de+Site+Web/data=!4m7!3m6!1s0x47e66f0d8e51b6c1:0xb1fa525ad552cdd9!8m2!3d48.870984!4d2.3410756!16s%2Fg%2F11zgwn8pwj!19sChIJwbZRjg1v5kcR2c1S1VpS-rE?authuser=0&hl=fr&g_ep=EgoyMDI2MDkyMy4wIJJjKgBIAVAD&rclk=1
Agence Web Montpellier - ER Agency,Concepteur de sites Web,"24 Rue de l'École Normale, 34090 Montpellier, France",Montpellier,https://er-agency.fr/,,3,5.000000,https://www.google.com/maps/place/Agence+Web+Montpellier+-+ER+Agency/data=!4m7!3m6!1s0x12b6afd56a659335:0x1583cf0cba2d2954!8m2!3d43.6214541!4d3.8657092!16s%2Fg%2F11y64fd59f!19sChIJNZNlatWvthIRVCktugzPgxU?authuser=0&hl=fr&g_ep=EgoyMDI2MDkyMy4wIJJjKgBIAVAD&rclk=1
Agence web Paris | Ask Agency,Concepteur de sites Web,"60 Rue François 1er, 75008 Paris, France",Paris,http://www.ask-agency.fr/,+33 6 12 23 47 96,3,5.000000,https://www.google.com/maps/place/Agence+web+Paris+%7C+Ask+Agency/data=!4m7!3m6!1s0x47e66ff8af2e83bb:0x6296583d794f1167!8m2!3d48.8699583!4d2.3019662!16s%2Fg%2F11xypk2bws!19sChIJu4Mur_hv5kcRZxFPeT1YlmI?authuser=0&hl=fr&g_ep=EgoyMDI2MDkyMy4wIJJjKgBIAVAD&rclk=1
Agence Web Paris | Connected : Création de Site Internet,Concepteur de sites Web,"66 Av. des Champs-Élysées, 75008 Paris, France",Paris,https://www.connectedparis.fr/,,3,5.000000,https://www.google.com/maps/place/Agence+Web+Paris+%7C+Connected+:+Cr%C3%A9ation+de+Site+Internet/data=!4m7!3m6!1s0x47e66f2aed25ecf7:0x2f79b4e1d6cd0f54!8m2!3d48.8709207!4d2.3052013!16s%2Fg%2F11n4pzzfcj!19sChIJ9-wl7Spv5kcRVA_N1uG0eS8?authuser=0&hl=fr&g_ep=EgoyMDI2MDkyMy4wIJJjKgBIAVAD&rclk=1
Expert création site web professionnel et référencement seo marseille france,Concepteur de sites Web,"56 Bd Sakakini, 13005 Marseille, France",Marseille,https://khalilboucenna.com/,,3,5.000000,https://www.google.com/maps/place/Expert+cr%C3%A9ation+site+web+professionnel+et+r%C3%A9f%C3%A9rencement+seo+marseille+france/data=!4m7!3m6!1s0x12c9bf8e218bf55d:0xec36f6326f7df5a2!8m2!3d43.2964889!4d5.4001181!16s%2Fg%2F11zhdfbc8g!19sChIJXfWLIY6_yRIRovV9bzL2Nuw?authuser=0&hl=fr&g_ep=EgoyMDI2MDkyMy4wIJJjKgBIAVAD&rclk=1
OneViZion & Meta,Concepteur de sites Web,,,https://onevizion.fr/,+33 7 82 51 26 03,3,5.000000,https://www.google.com/maps/place/OneViZion+%26+Meta/data=!4m7!3m6!1s0x8bb6ac3c5221539d:0x3fe2d0ddb59b7562!8m2!3d43.2803439!4d5.3806472!16s%2Fg%2F11z54rhs7w!19sChIJnVMhUjystosRYnWbtd3Q4j8?authuser=0&hl=fr&g_ep=EgoyMDI2MDkyMy4wIJJjKgBIAVAD&rclk=1
Smelda Express - Agence Marketing Digital & SEO Paris,Service de marketing Internet,,Paris,https://smeldareview-booster.fr/,+33 6 26 42 20 28,3,5.000000,https://www.google.com/maps/place/Smelda+Express+-+Agence+Marketing+Digital+%26+SEO+Paris/data=!4m7!3m6!1s0x2758ebd994e134a3:0x649bdc14da681c10!8m2!3d48.8217283!4d2.3533729!16s%2Fg%2F11z7ndl0m2!19sChIJozThlNnrWCcREBxo2hTcm2Q?authuser=0&hl=fr&g_ep=EgoyMDI2MDkyMy4wIJJjKgBIAVAD&rclk=1
Agence Web Grenoble - WebCascade,Concepteur de sites Web,"5 Rue de Boston, 38000 Grenoble, France",Grenoble,https://agencewebgrenoble.com/,+33 4 58 00 87 90,2,5.000000,https://www.google.com/maps/place/Agence+Web+Grenoble+-+WebCascade/data=!4m7!3m6!1s0x478af50005349f55:0x5e0714ef06081306!8m2!3d45.1843843!4d5.7135119!16s%2Fg%2F11lf2xx3fy!19sChIJVZ80BQD1ikcRBhMIBu8UB14?authuser=0&hl=fr&g_ep=EgoyMDI2MDkyMy4wIJJjKgBIAVAD&rclk=1
DÉVELOPPEMENT WEB & APPLICATION MOBILE LYON – ZENDISTANCE,Concepteur de sites Web,"99 Rue Sébastien Gryphe, 69007 Lyon, France",Lyon,https://www.zendistance.fr/agence-informatique/creation-site-web-application-mobile-lyon,+33 7 74 00 50 08,2,5.000000,https://www.google.com/maps/place/D%C3%89VELOPPEMENT+WEB+%26+APPLICATION+MOBILE+LYON+%E2%80%93+ZENDISTANCE/data=!4m7!3m6!1s0x47f4eb5472ef00f3:0xffb5c80c6a24ba46!8m2!3d45.7492591!4d4.8407905!16s%2Fg%2F11z0mygg8h!19sChIJ8wDvclTr9EcRRrokagzItf8?authuser=0&hl=fr&g_ep=EgoyMDI2MDkyMy4wIJJjKgBIAVAD&rclk=1
VKBACK - Agence Web,Concepteur de sites Web,,,https://vkback.com/,+33 4 11 78 91 13,2,5.000000,https://www.google.com/maps/place/VKBACK+-+Agence+Web/data=!4m7!3m6!1s0x66c245ec005af65f:0x8bf9f0474fbe5ce7!8m2!3d45.7450284!4d4.846542!16s%2Fg%2F11zd33fb18!19sChIJX_ZaAOxFwmYR51y-T0fw-Ys?authuser=0&hl=fr&g_ep=EgoyMDI2MDkyMy4wIJJjKgBIAVAD&rclk=1
Agence Digitale Nice,Concepteur de sites Web,,Nice,https://agence-digitale-nice.fr/,,1,5.000000,https://www.google.com/maps/place/Agence+Digitale+Nice/data=!4m7!3m6!1s0x2eca17a2102c211b:0xcf5bbeba9fff2de0!8m2!3d43.7031576!4d7.252812!16s%2Fg%2F11w3f16p7w!19sChIJGyEsEKIXyi4R4C3_n7q-W88?authuser=0&hl=fr&g_ep=EgoyMDI2MDkyMy4wIJJjKgBIAVAD&rclk=1
Agence Web & SEO Montpellier | Montpelink,Concepteur de sites Web,"6 Rue Jean Vachet, 34000 Montpellier, France",Montpellier,https://montpelink.fr/,+33 7 66 13 83 86,1,5.000000,https://www.google.com/maps/place/Agence+Web+%26+SEO+Montpellier+%7C+Montpelink/data=!4m7!3m6!1s0x12b6af7f2d3c9c41:0x8e0035082fd87bf5!8m2!3d43.5927646!4d3.8842536!16s%2Fg%2F11z80r2t32!19sChIJQZw8LX-vthIR9XvYLwg1AI4?authuser=0&hl=fr&g_ep=EgoyMDI2MDkyMy4wIJJjKgBIAVAD&rclk=1
Agence web Digidream,Concepteur de sites Web,"10 Av. Mormal, 59800 Lille, France",Lille,https://digidream-communication.com/,+33 6 68 90 04 49,1,5.000000,https://www.google.com/maps/place/Agence+web+Digidream/data=!4m7!3m6!1s0x47c32b2aa7154021:0x79f1778bfebb4dce!8m2!3d50.6525221!4d3.0867533!16s%2Fg%2F11pyzq_trb!19sChIJIUAVpyorw0cRzk27_ot38Xk?authuser=0&hl=fr&g_ep=EgoyMDI2MDkyMy4wIJJjKgBIAVAD&rclk=1
Agence web Paris,Concepteur de sites Web,,Paris,https://agence-webparis.fr/,+33 6 25 77 66 80,1,5.000000,https://www.google.com/maps/place/Agence+web+Paris/data=!4m7!3m6!1s0x64bd03e3c4010ca3:0xa1cca172f369bbfc!8m2!3d30.6959409!4d-49.8171262!16s%2Fg%2F11nqfmv4c8!19sChIJowwBxOMDvWQR_Ltp83KhzKE?authuser=0&hl=fr&g_ep=EgoyMDI2MDkyMy4wIJJjKgBIAVAD&rclk=1
Agence Web Paris | 77 Leader 3D Immersif,Concepteur de sites Web,"59 Rue de Lancry, 75010 Paris, France",Paris,https://3dagencywebimmersive.netlify.app/,+33 6 17 29 66 29,1,5.000000,https://www.google.com/maps/place/Agence+Web+Paris+%7C+77+Leader+3D+Immersif/data=!4m7!3m6!1s0x47e66f18c7898c7f:0xcbe9a01253b07dd0!8m2!3d48.8721303!4d2.3626646!16s%2Fg%2F11yz10x5y4!19sChIJf4yJxxhv5kcR0H2wUxKg6cs?authuser=0&hl=fr&g_ep=EgoyMDI2MDkyMy4wIJJjKgBIAVAD&rclk=1
Nuvéa Digital Agence SEO Lyon - Optimisation Google Business Profile,Service de marketing Internet,"Rue de la République, 69001 Lyon, France",Lyon,https://expertseolocal.fr/villes/lyon/,+33 4 48 07 27 66,1,5.000000,https://www.google.com/maps/place/Nuv%C3%A9a+Digital+Agence+SEO+Lyon+-+Optimisation+Google+Business+Profile/data=!4m7!3m6!1s0x47f4eb873320d5d9:0xa2c206d4029f84de!8m2!3d45.7659047!4d4.8358278!16s%2Fg%2F11nvxgn3xb!19sChIJ2dUgM4fr9EcR3oSfAtQGwqI?authuser=0&hl=fr&g_ep=EgoyMDI2MDkyMy4wIJJjKgBIAVAD&rclk=1
Prilika - Agence Web,Concepteur de sites Web,,,https://www.prilika.fr/,+33 7 64 15 17 50,1,5.000000,https://www.google.com/maps/place/Prilika+-+Agence+Web/data=!4m7!3m6!1s0xa12ae84ff0b87b67:0x4d4ae6e7c2db6e90!8m2!3d30.6959409!4d-49.8171262!16s%2Fg%2F11nqmgrnf2!19sChIJZ3u48E_oKqERkG7bwufmSk0?authuser=0&hl=fr&g_ep=EgoyMDI2MDkyMy4wIJJjKgBIAVAD&rclk=1
Rank Agence Web,Concepteur de sites Web,,,https://rank-agence-web.com/,+33 6 29 28 70 67,1,5.000000,https://www.google.com/maps/place/Rank+Agence+Web/data=!4m7!3m6!1s0xa0902e79e8531c31:0x2c41b75305741ce4!8m2!3d43.4044443!4d6.5937426!16s%2Fg%2F11z6p89p_1!19sChIJMRxT6HkukKAR5Bx0BVO3QSw?authuser=0&hl=fr&g_ep=EgoyMDI2MDkyMy4wIJJjKgBIAVAD&rclk=1
WebActif - Agence Web,Concepteur de sites Web,"Now Lille, 59000 Lille, France",Lille,https://web-actif.fr/,+33 6 52 31 91 41,1,5.000000,https://www.google.com/maps/place/WebActif+-+Agence+Web/data=!4m7!3m6!1s0x47c2d5999030de05:0xb21075a6ed2aa389!8m2!3d50.6138111!4d3.0423599!16s%2Fg%2F11nc2g70j3!19sChIJBd4wkJnVwkcRiaMq7aZ1ELI?authuser=0&hl=fr&g_ep=EgoyMDI2MDkyMy4wIJJjKgBIAVAD&rclk=1
Agence SEO Lyon - UpSearch,Service de marketing Internet,"27 Rue Maurice Flandin, 69003 Lyon, France",Lyon,https://www.agence-seo-lyon.fr/,+33 7 55 53 45 78,0,0.000000,https://www.google.com/maps/place/Agence+SEO+Lyon+-+UpSearch/data=!4m7!3m6!1s0x47f4ebc8a980ad05:0x551409fa7b500e51!8m2!3d45.760449!4d4.8635325!16s%2Fg%2F11yysjk50y!19sChIJBa2Aqcjr9EcRUQ5Qe_oJFFU?authuser=0&hl=fr&g_ep=EgoyMDI2MDkyMy4wIJJjKgBIAVAD&rclk=1
